t,H,L
0.0,2.18,4.44
1.0,2.178525763876846,4.443555086217083
2.0,2.1770681816682314,4.447081281538119
3.0,2.1756269307226765,4.450579103200913
4.0,2.174201697529426,4.4540490545262985
5.0,2.17279217737848,4.457491625416032
6.0,2.171398074036231,4.460907292828537
7.0,2.1700190994358466,4.464296521233672
8.0,2.1686549733816194,4.467659763047619
9.0,2.167305423266521,4.470997459048937
10.0,2.1659701838022727,4.474310038776746
11.0,2.1646489967612625,4.477597920911966
12.0,2.163341610729705,4.480861513642457
13.0,2.1620477808714513,4.4841012150128945
14.0,2.160767268701911,4.487317413260107
15.0,2.1594998418715656,4.490510487134638
16.0,2.158245273958601,4.493680806209172
17.0,2.1570033442701897,4.496828731174483
18.0,2.155773837652004,4.499954614123506
19.0,2.1545565443055543,4.503058798824099
20.0,2.1533512596129647,4.506141620981028
21.0,2.1521577839688346,4.509203408487694
22.0,2.15097592261884,4.512244481668067
23.0,2.1498054855047553,4.515265153509302
24.0,2.148646287115595,4.518265729885438
25.0,2.1474981463445837,4.52124650977262
26.0,2.1463608863516854,4.524207785456198
27.0,2.1452343344314384,4.527149842730092
28.0,2.1441183218858457,4.530072961088746
29.0,2.1430126839020986,4.532977413912029
30.0,2.1419172594349103,4.535863468643361
31.0,2.1408318910932547,4.538731386961382
32.0,2.139756425031314,4.541581424945436
33.0,2.138690710843449,4.544413833235134
34.0,2.1376346014630183,4.5472288571842565
35.0,2.136587953064874,4.5500267370092295
36.0,2.1355506249713794,4.5528077079323985
37.0,2.134522479561795,4.555572000320333
38.0,2.1335033821848928,4.55831983981735
39.0,2.1324932010746553,4.561051447474467
40.0,2.131491807268938,4.563767039873965
41.0,2.1304990745309653,4.566466829249739
42.0,2.1295148792735468,4.569151023603615
43.0,2.1285391004858973,4.571819826817782
44.0,2.1275716196629606,4.574473438763506
45.0,2.1266123207371264,4.577112055406265
46.0,2.1256610900122537,4.579735868907452
47.0,2.1247178160999014,4.582345067722771
48.0,2.1237823898576793,4.584939836697465
49.0,2.122854704329639,4.587520357158496
50.0,2.121934654688619,4.590086807003778
51.0,2.1210221381804737,4.592639360788604
52.0,2.1201170540701093,4.595178189809346
53.0,2.119219303589257,4.5977034621845485
54.0,2.1183287898859184,4.600215342933499
55.0,2.11744541797542,4.602713994052383
56.0,2.1165690946930127,4.6051995745881
57.0,2.1156997286479626,4.607672240709833
58.0,2.1148372301790737,4.610132145778459
59.0,2.1139815113115903,4.612579440413858
60.0,2.11313248571543,4.61501427256022
61.0,2.1122900686646964,4.617436787549413
62.0,2.111454176998426,4.619847128162468
63.0,2.110624729082521,4.622245434689271
64.0,2.1098016447728343,4.624631844986504
65.0,2.108984845379353,4.627006494533911
66.0,2.1081742536314527,4.6293695164889375
67.0,2.1073697936441755,4.631721041739802
68.0,2.106571390885504,4.634061198957058
69.0,2.1057789721445888,4.636390114643692
70.0,2.1049924655009016,4.638707913183813
71.0,2.1042118002942796,4.641014716889969
72.0,2.103436907095831,4.643310646049155
73.0,2.102667717679673,4.645595818967541
74.0,2.10190416499547,4.6478703520139675
75.0,2.1011461831417533,4.6501343596622515
76.0,2.1003937073399856,4.652387954532338
77.0,2.0996466739093536,4.654631247430335
78.0,2.0989050202422597,4.656864347387475
79.0,2.0981686847804935,4.659087361698025
80.0,2.0974376069920555,4.661300395956191
81.0,2.096711727348618,4.663503554092043
82.0,2.0959909873035976,4.66569693840649
83.0,2.0952753292708186,4.667880649605342
84.0,2.0945646966037565,4.6700547868324795
85.0,2.0938590335753324,4.672219447702163
86.0,2.0931582853582467,4.674374728330507
87.0,2.0924623980058352,4.676520723366154
88.0,2.0917713184334286,4.678657526020148
89.0,2.0910849944002003,4.680785228095067
90.0,2.0904033744914905,4.6829039200134055
91.0,2.0897264081015847,4.685013690845252
92.0,2.089054045416941,4.687114628335264
93.0,2.088386237399846,4.689206818928981
94.0,2.0877229357724887,4.69129034779848
95.0,2.08706409300144,4.693365298867399
96.0,2.0864096622825263,4.695431754835347
97.0,2.0857595975260796,4.697489797201721
98.0,2.085113853342562,4.699539506288937
99.0,2.0844723850285476,4.701580961265108
100.0,2.0838351485530486,4.703614240166173
101.0,2.0832021005441845,4.705639419917494
102.0,2.082573198276175,4.707656576354942
103.0,2.0819483996566515,4.709665784245479
104.0,2.0813276632142794,4.711667117307265
105.0,2.080710948086678,4.713660648229275
106.0,2.0800982140086317,4.715646448690474
107.0,2.079489421300587,4.717624589378538
108.0,2.0788845308574198,4.719595140008145
109.0,2.0782835041374725,4.72155816933884
110.0,2.07768630315185,4.723513745192496
111.0,2.077092890453968,4.725461934470371
112.0,2.0765032291293433,4.727402803169785
113.0,2.0759172827856274,4.729336416400407
114.0,2.0753350155428683,4.73126283840019
115.0,2.074756392023997,4.733182132550941
116.0,2.0741813773455355,4.735094361393543
117.0,2.073609937108514,4.736999586642841
118.0,2.0730420373896,4.7388978692022
119.0,2.0724776447324236,4.740789269177739
120.0,2.071916726139103,4.742673845892258
121.0,2.0713592490619592,4.744551657898858
122.0,2.0708051813954156,4.746422762994261
123.0,2.070254491468079,4.7482872182318525
124.0,2.069707148034997,4.750145079934437
125.0,2.069163120270085,4.751996403706715
126.0,2.068622377758723,4.753841244447505
127.0,2.068084890490509,4.755679656361697
128.0,2.067550628852179,4.757511692971955
129.0,2.067019563620671,4.759337407130179
130.0,2.0664916659563484,4.761156851028713
131.0,2.065966907396362,4.762970076211336
132.0,2.0654452598481594,4.76477713358401
133.0,2.064926695583131,4.766578073425413
134.0,2.0644111872303905,4.768372945397253
135.0,2.06389870777069,4.770161798554369
136.0,2.0633892305304595,4.771944681354627
137.0,2.0628827291759753,4.773721641668615
138.0,2.062379177707648,4.775492726789136
139.0,2.0618785504544315,4.777257983440517
140.0,2.0613808220683456,4.779017457787725
141.0,2.0608859675191145,4.780771195445303
142.0,2.0603939620889133,4.782519241486127
143.0,2.059904781367225,4.784261640449988
144.0,2.059418401245799,4.785998436352005
145.0,2.058934797913714,4.787729672690873
146.0,2.0584539478525437,4.789455392456946
147.0,2.057975827831613,4.7911756381401664
148.0,2.057500414903357,4.792890451737835
149.0,2.057027686398769,4.794599874762233
150.0,2.0565576199229385,4.796303948248099
151.0,2.0560901933506814,4.798002712759954
152.0,2.055625384822253,4.799696208399296
153.0,2.055163172739148,4.80138447481165
154.0,2.054703535759981,4.803067551193486
155.0,2.05424645279645,4.804745476299006
156.0,2.053791903009375,4.806418288446804
157.0,2.0533398658048174,4.808086025526398
158.0,2.052890320830272,4.809748725004641
159.0,2.052443247970932,4.811406423932013
160.0,2.051998627346029,4.813059158948794
161.0,2.0515564393052377,4.814706966291125
162.0,2.051116664425153,4.816349881796955
163.0,2.0506792835058336,4.817987940911882
164.0,2.0502442775674097,4.819621178694881
165.0,2.049811627846754,4.8212496298239325
166.0,2.0493813157942187,4.822873328601547
167.0,2.0489533230704273,4.824492308960191
168.0,2.0485276315431333,4.8261066044676095
169.0,2.0481042232841324,4.82771624833206
170.0,2.0476830805662325,4.829321273407449
171.0,2.047264185860281,4.830921712198376
172.0,2.046847521832246,4.832517596865089
173.0,2.046433071340349,4.834108959228353
174.0,2.0460208174322543,4.835695830774231
175.0,2.045610743342303,4.837278242658781
176.0,2.045202832488805,4.838856225712669
177.0,2.044797068471372,4.840429810445709
178.0,2.0443934350683035,4.841999027051313
179.0,2.043991916234018,4.8435639054108695
180.0,2.0435924960965295,4.845124475098048
181.0,2.04319515895497,4.846680765383026
182.0,2.0427998892771546,4.848232805236644
183.0,2.042406671697191,4.849780623334488
184.0,2.0420154910131303,4.85132424806091
185.0,2.0416263321846584,4.8528637075129675
186.0,2.0412391803308285,4.854399029504308
187.0,2.040854020727834,4.855930241568981
188.0,2.0404708388068173,4.857457370965187
189.0,2.040089620151719,4.858980444678967
190.0,2.039710350497163,4.860499489427828
191.0,2.03933301572638,4.862014531664304
192.0,2.038957601869161,4.863525597579467
193.0,2.0385840950998535,4.8650327131063715
194.0,2.0382124817353855,4.866535903923446
195.0,2.0378427482333255,4.868035195457831
196.0,2.0374748811899757,4.869530612888656
197.0,2.0371088673384965,4.87102218115027
198.0,2.0367446935470617,4.872509924935412
199.0,2.036382346817046,4.8739938686983395
200.0,2.0360218142812423,4.875474036657897
201.0,2.0356630832021083,4.876950452800541
202.0,2.035306140970043,4.878423140883315
203.0,2.034950975101689,4.879892124436777
204.0,2.034597573238267,4.8813574267678765
205.0,2.0342459231439327,4.8828190709627926
206.0,2.0338960127041665,4.884277079889723
207.0,2.0335478299241827,4.885731476201629
208.0,2.03320136292737,4.887182282338938
209.0,2.032856599953754,4.888629520532204
210.0,2.032513529358487,4.890073212804724
211.0,2.032172139610359,4.891513380975119
212.0,2.0318324192903354,4.892950046659867
213.0,2.031494357090118,4.894383231275805
214.0,2.031157941810725,4.895812956042587
215.0,2.030823162361099,4.897239241985103
216.0,2.0304900077567347,4.898662109935868
217.0,2.030158467118326,4.9000815805373685
218.0,2.029828529670438,4.9014976742443706
219.0,2.0295001847401983,4.902910411326203
220.0,2.0291734217560085,4.9043198118689935
221.0,2.0288482302462754,4.905725895777883
222.0,2.0285245998381645,4.907128682779198
223.0,2.028202520256369,4.908528192422591
224.0,2.0278819813219005,4.909924444083154
225.0,2.0275629729508973,4.911317456963498
226.0,2.0272454851534523,4.912707250095796
227.0,2.026929508032456,4.914093842343806
228.0,2.026615031782461,4.915477252404855
229.0,2.0263020466885604,4.916857498811801
230.0,2.0259905431252845,4.918234599934958
231.0,2.0256805115555157,4.919608573983999
232.0,2.025371942529416,4.920979439009831
233.0,2.0250648266833755,4.92234721290644
234.0,2.0247591547389723,4.923711913412709
235.0,2.024454917501951,4.925073558114212
236.0,2.024152105861213,4.92643216444498
237.0,2.023850710787828,4.927787749689245
238.0,2.0235507233340524,4.929140330983154
239.0,2.023252134632367,4.93048992531646
240.0,2.022954935894529,4.931836549534192
241.0,2.0226591184106355,4.933180220338299
242.0,2.0223646735482026,4.934520954289269
243.0,2.022071592751257,4.935858767807726
244.0,2.0217798675394416,4.937193677176008
245.0,2.0214894895071334,4.938525698539717
246.0,2.021200450322574,4.939854847909252
247.0,2.020912741727013,4.941181141161316
248.0,2.020626355533866,4.9425045940404075
249.0,2.020341283627879,4.943825222160288
250.0,2.020057517964311,4.9451430410054265
251.0,2.0197750505681245,4.94645806593243
252.0,2.019493873533188,4.947770312171451
253.0,2.0192139790214925,4.949079794827573
254.0,2.018935359262374,4.9503865288821824
255.0,2.018658006551752,4.951690529194319
256.0,2.018381913251376,4.952991810502005
257.0,2.018107071788084,4.954290387423564
258.0,2.0178334746530697,4.955586274458912
259.0,2.0175611144011607,4.956879485990839
260.0,2.017289983650108,4.958170036286271
261.0,2.0170200750798832,4.95945793949751
262.0,2.016751381431988,4.960743209663464
263.0,2.0164838955087694,4.962025860710861
264.0,2.0162176101727494,4.96330590645544
265.0,2.0159525183459586,4.96458336060313
266.0,2.0156886130092837,4.965858236751216
267.0,2.0154258872018205,4.967130548389485
268.0,2.015164334020237,4.96840030890136
269.0,2.014903946618146,4.969667531565018
270.0,2.014644718205484,4.9709322295544895
271.0,2.014386642047901,4.972194415940751
272.0,2.0141297114661563,4.9734541036928
273.0,2.0138739198355244,4.974711305678714
274.0,2.013619260585208,4.975966034666694
275.0,2.013365727197757,4.9772183033261035
276.0,2.0131133132084993,4.978468124228484
277.0,2.0128620122049754,4.979715509848563
278.0,2.0126118178263828,4.980960472565248
279.0,2.0123627237630264,4.9822030246626055
280.0,2.0121147237557775,4.983443178330832
281.0,2.011867811595538,4.9846809456672085
282.0,2.0116219811227136,4.985916338677043
283.0,2.0113772262266925,4.987149369274604
284.0,2.0111335408453326,4.98838004928404
285.0,2.010890918964453,4.989608390440288
286.0,2.010649354617333,4.990834404389969
287.0,2.0104088418842205,4.992058102692276
288.0,2.0101693748918414,4.993279496819847
289.0,2.0099309478129195,4.994498598159628
290.0,2.009693554865701,4.995715418013726
291.0,2.0094571903134852,4.996929967600255
292.0,2.0092218484641617,4.998142258054159
293.0,2.008987523669753,4.9993523004280425
294.0,2.0087542103259635,5.000560105692976
295.0,2.0085219028717316,5.0017656847393015
296.0,2.008290595788793,5.002969048377419
297.0,2.0080602836012442,5.004170207338572
298.0,2.007830960875113,5.0053691722756195
299.0,2.007602622217937,5.006565953763796
300.0,2.0073752622783436,5.007760562301467
301.0,2.0071488757456373,5.008953008310873
302.0,2.006923457349392,5.0101433021388635
303.0,2.0066990018590487,5.011331454057627
304.0,2.0064755040835163,5.012517474265405
305.0,2.00625295887078,5.0137013728872
306.0,2.0060313611075125,5.014883159975482
307.0,2.0058107057186914,5.016062845510874
308.0,2.0055909876672207,5.017240439402839
309.0,2.0053722019535556,5.018415951490356
310.0,2.005154343615335,5.019589391542587
311.0,2.0049374077270157,5.020760769259536
312.0,2.004721389399512,5.021930094272704
313.0,2.004506283779841,5.023097376145727
314.0,2.004292086050769,5.02426262437502
315.0,2.0040787914304654,5.0254258483904035
316.0,2.003866395172159,5.026587057555723
317.0,2.0036548925638,5.027746261169465
318.0,2.0034442789277227,5.0289034684653675
319.0,2.0032345496203177,5.030058688613016
320.0,2.003025700031702,5.031211930718438
321.0,2.0028177255853974,5.032363203824693
322.0,2.0026106217380106,5.033512516912448
323.0,2.0024043839789187,5.034659878900551
324.0,2.0021990078299567,5.0358052986466
325.0,2.001994488845109,5.036948784947501
326.0,2.001790822610206,5.0380903465400255
327.0,2.001588004742622,5.03922999210135
328.0,2.00138603089098,5.040367730249604
329.0,2.0011848967348556,5.041503569544402
330.0,2.000984597984487,5.042637518487375
331.0,2.0007851303804904,5.043769585522688
332.0,2.0005864896935726,5.044899779037563
333.0,2.000388671724253,5.046028107362788
334.0,2.0001916723025865,5.047154578773218
335.0,1.999995487287888,5.048279201488283
336.0,1.9998001125684635,5.0494019836724755
337.0,1.999605544061341,5.050522933435843
338.0,1.9994117777120066,5.051642058834469
339.0,1.999218809494143,5.0527593678709515
340.0,1.9990266354093704,5.053874868494876
341.0,1.9988352514869911,5.054988568603284
342.0,1.998644653783737,5.056100476041131
343.0,1.9984548383835194,5.057210598601747
344.0,1.9982658013971824,5.058318944027291
345.0,1.9980775389622578,5.059425520009191
346.0,1.9978900472427248,5.060530334188594
347.0,1.9977033224287701,5.061633394156797
348.0,1.9975173607365528,5.062734707455682
349.0,1.99733215840797,5.063834281578149
350.0,1.9971477117104264,5.064932123968529
351.0,1.9969640169366063,5.066028242023013
352.0,1.9967810704042475,5.067122643090059
353.0,1.9965988684559177,5.068215334470805
354.0,1.9964174074587948,5.069306323419475
355.0,1.9962366838044476,5.070395617143779
356.0,1.9960566939086202,5.071483222805308
357.0,1.9958774342110186,5.072569147519929
358.0,1.9956989011750992,5.073653398358173
359.0,1.9955210912878603,5.0747359823456195
360.0,1.9953440010596348,5.075816906463273
361.0,1.9951676270238872,5.076896177647945
362.0,1.9949919657370097,5.077973802792621
363.0,1.9948170137781236,5.079049788746833
364.0,1.9946427677488812,5.080124142317019
365.0,1.9944692242732696,5.081196870266889
366.0,1.994296379997418,5.082267979317777
367.0,1.994124231589406,5.083337476148997
368.0,1.993952775739074,5.084405367398191
369.0,1.9937820091578358,5.085471659661676
370.0,1.9936119285784935,5.086536359494783
371.0,1.993442530755054,5.087599473412201
372.0,1.9932738124625482,5.088661007888306
373.0,1.9931057704968502,5.089720969357496
374.0,1.992938401674501,5.090779364214521
375.0,1.992771702832532,5.0918361988148035
376.0,1.9926056708282915,5.092891479474762
377.0,1.9924403025392727,5.09394521247213
378.0,1.9922755948629434,5.094997404046272
379.0,1.9921115447165776,5.09604806039849
380.0,1.9919481490370887,5.097097187692339
381.0,1.991785404780865,5.098144792053927
382.0,1.991623308923606,5.0991908795722205
383.0,1.9914618584601613,5.100235456299343
384.0,1.9913010504043707,5.101278528250871
385.0,1.9911408817889058,5.102320101406128
386.0,1.9909813496651139,5.103360181708473
387.0,1.9908224511028625,5.10439877506559
388.0,1.9906641831903868,5.105435887349774
389.0,1.9905065430341375,5.106471524398208
390.0,1.9903495277586305,5.1075056920132464
391.0,1.9901931345062982,5.108538395962689
392.0,1.9900373604373431,5.109569641980053
393.0,1.9898822027295917,5.110599435764849
394.0,1.9897276585783499,5.111627782982843
395.0,1.989573725196261,5.112654689266328
396.0,1.9894203998131648,5.113680160214378
397.0,1.9892676796759565,5.114704201393119
398.0,1.98911556204845,5.115726818335977
399.0,1.988964044211239,5.116748016543941
400.0,1.9888131234615636,5.117767801485809
401.0,1.988662797113174,5.118786178598443
402.0,1.988513062496199,5.119803153287013
403.0,1.988363916957014,5.120818730925248
404.0,1.98821535785811,5.121832916855673
405.0,1.9880673825779664,5.12284571638985
406.0,1.9879199885109213,5.123857134808623
407.0,1.9877731730670467,5.124867177362345
408.0,1.9876269336720223,5.125875849271119
409.0,1.987481267767012,5.126883155725025
410.0,1.9873361728085412,5.127889101884352
411.0,1.9871916462683759,5.128893692879823
412.0,1.9870476856334007,5.129896933812821
413.0,1.986904288405502,5.130898829755613
414.0,1.9867614521014476,5.131899385751567
415.0,1.9866191742527721,5.132898606815376
416.0,1.98647745240566,5.133896497933269
417.0,1.9863362841208314,5.134893064063228
418.0,1.9861956669734286,5.135888310135204
419.0,1.986055598552904,5.136882241051319
420.0,1.9859160764629087,5.1378748616860825
421.0,1.985777098321182,5.1388661768865935
422.0,1.9856386617594428,5.139856191472748
423.0,1.9855007644232818,5.140844910237438
424.0,1.9853634039720536,5.141832337946757
425.0,1.9852265780787712,5.142818479340193
426.0,1.9850902844300016,5.143803339130833
427.0,1.9849545207257606,5.144786922005551
428.0,1.984819284679411,5.145769232625206
429.0,1.98468457401756,5.146750275624832
430.0,1.984550386479958,5.147730055613829
431.0,1.9844167198193992,5.14870857717615
432.0,1.9842835718016218,5.149685844870485
433.0,1.9841509402052104,5.150661863230455
434.0,1.984018822821498,5.15163663676478
435.0,1.9838872174544708,5.152610169957477
436.0,1.9837561219206714,5.153582467268025
437.0,1.9836255340491054,5.154553533131554
438.0,1.983495451681147,5.155523371959015
439.0,1.9833658726704464,5.156491988137358
440.0,1.9832367948828382,5.157459386029703
441.0,1.98310821619625,5.158425569975512
442.0,1.9829801345006126,5.159390544290764
443.0,1.9828525476977696,5.160354313268115
444.0,1.98272545370139,5.161316881177074
445.0,1.9825988504368801,5.1622782522641595
446.0,1.982472735841296,5.163238430753073
447.0,1.9823471078632582,5.164197420844855
448.0,1.9822219644628662,5.165155226718047
449.0,1.9820973036116136,5.166111852528856
450.0,1.9819731232923041,5.167067302411307
451.0,1.9818494214989695,5.1680215804774035
452.0,1.9817261962367865,5.168974690817281
453.0,1.9816034455219953,5.169926637499363
454.0,1.9814811673818193,5.170877424570513
455.0,1.9813593598543846,5.171827056056186
456.0,1.981238020988641,5.172775535960578
457.0,1.9811171488442834,5.173722868266776
458.0,1.9809967414916732,5.174669056936906
459.0,1.9808767970117622,5.175614105912276
460.0,1.9807573134960157,5.176558019113525
461.0,1.9806382890463363,5.177500800440764
462.0,1.9805197217749895,5.1784424537737195
463.0,1.9804016098045283,5.179382982971876
464.0,1.9802839512677204,5.180322391874612
465.0,1.9801667443074746,5.181260684301344
466.0,1.980049987076768,5.182197864051658
467.0,1.979933677738575,5.183133934905454
468.0,1.9798178144657952,5.184068900623074
469.0,1.9797023954411832,5.185002764945437
470.0,1.9795874188572793,5.1859355315941755
471.0,1.979472882916339,5.186867204271767
472.0,1.979358785830265,5.187797786661659
473.0,1.9792451258205392,5.188727282428406
474.0,1.9791319011181547,5.189655695217792
475.0,1.979019109963549,5.190583028656961
476.0,1.978906750606538,5.191509286354544
477.0,1.9787948213062503,5.192434471900779
478.0,1.978683320331061,5.193358588867644
479.0,1.9785722459585282,5.194281640808971
480.0,1.9784615964753287,5.195203631260573
481.0,1.978351370177194,5.196124563740364
482.0,1.9782415653688479,5.19704444174848
483.0,1.978132180363944,5.197963268767395
484.0,1.9780232134850035,5.1988810482620424
485.0,1.9779146630633542,5.199797783679931
486.0,1.9778065274390695,5.2007134784512585
487.0,1.977698804960908,5.201628135989031
488.0,1.9775914939862544,5.202541759689174
489.0,1.9774845928810594,5.203454352930645
490.0,1.9773781000197812,5.20436591907555
491.0,1.9772720137853275,5.205276461469249
492.0,1.9771663325689977,5.206185983440471
493.0,1.977061054770425,5.207094488301421
494.0,1.9769561787975207,5.208001979347889
495.0,1.9768517030664172,5.20890845985936
496.0,1.9767476260014119,5.209813933099116
497.0,1.9766439460349126,5.210718402314346
498.0,1.9765406616073822,5.21162187073625
499.0,1.9764377711672845,5.212524341580143
500.0,1.9763352731710295,5.2134258180455575
501.0,1.976233166082921,5.214326303316348
502.0,1.976131448375103,5.21522580056079
503.0,1.9760301185275062,5.216124312931684
504.0,1.9759291750277976,5.217021843566451
505.0,1.9758286163713277,5.217918395587239
506.0,1.9757284410610787,5.218813972101011
507.0,1.9756286476076146,5.219708576199655
508.0,1.9755292345290303,5.22060221096007
509.0,1.9754302003509014,5.221494879444269
510.0,1.975331543606235,5.22238658469947
511.0,1.9752332628354201,5.223277329758194
512.0,1.9751353565861784,5.224167117638355
513.0,1.9750378234135169,5.225055951343356
514.0,1.9749406618796788,5.225943833862183
515.0,1.9748438705540967,5.22683076816949
516.0,1.9747474480133451,5.227716757225697
517.0,1.9746513928410931,5.2286018039770745
518.0,1.9745557036280585,5.2294859113558365
519.0,1.9744603789719615,5.2303690822802285
520.0,1.9743654174774785,5.231251319654613
521.0,1.974270817756198,5.232132626369562
522.0,1.9741765784265741,5.233013005301936
523.0,1.974082698113883,5.233892459314979
524.0,1.973989175450178,5.2347709912583955
525.0,1.9738960090742461,5.235648603968441
526.0,1.9738031976315644,5.236525300268002
527.0,1.9737107397742564,5.237401082966682
528.0,1.9736186341610498,5.238275954860882
529.0,1.9735268794572334,5.239149918733883
530.0,1.9734354743346156,5.240022977355929
531.0,1.973344417471482,5.240895133484307
532.0,1.973253707552554,5.241766389863425
533.0,1.9731633432689477,5.242636749224894
534.0,1.9730733233181332,5.243506214287605
535.0,1.9729836464038941,5.24437478775781
536.0,1.972894311236287,5.245242472329195
537.0,1.9728053165316013,5.246109270682962
538.0,1.9727166610123208,5.246975185487903
539.0,1.9726283434070835,5.247840219400476
540.0,1.9725403624506428,5.248704375064879
541.0,1.972452716883829,5.249567655113129
542.0,1.9723654054535114,5.250430062165131
543.0,1.9722784269125588,5.251291598828756
544.0,1.9721917800198039,5.252152267699908
545.0,1.9721054635400037,5.253012071362606
546.0,1.9720194762438041,5.2538710123890455
547.0,1.971933816907702,5.2547290933396775
548.0,1.9718484843140094,5.255586316763275
549.0,1.9717634772508161,5.256442685197006
550.0,1.971678794511955,5.257298201166501
551.0,1.9715944348969652,5.258152867185924
552.0,1.9715103972110573,5.259006685758041
553.0,1.971426680265078,5.259859659374286
554.0,1.9713432828754751,5.260711790514834
555.0,1.9712602038642633,5.261563081648661
556.0,1.9711774420589887,5.262413535233617
557.0,1.9710949962926962,5.263263153716488
558.0,1.9710128654038945,5.2641119395330636
559.0,1.9709310482365232,5.264959895108203
560.0,1.970849543639919,5.265807022855896
561.0,1.9707683504687825,5.266653325179335
562.0,1.9706874675831465,5.267498804470968
563.0,1.9706068938483419,5.268343463112571
564.0,1.9705266281349663,5.269187303475308
565.0,1.9704466693188516,5.270030327919788
566.0,1.9703670162810325,5.270872538796139
567.0,1.9702876679077144,5.271713938444057
568.0,1.9702086230902425,5.272554529192873
569.0,1.9701298807250702,5.273394313361615
570.0,1.9700514397137288,5.274233293259064
571.0,1.9699732989627963,5.275071471183816
572.0,1.9698954573838672,5.275908849424342
573.0,1.9698179138935223,5.2767454302590435
574.0,1.969740667413299,5.277581215956316
575.0,1.9696637168696605,5.2784162087746
576.0,1.9695870611939676,5.279250410962448
577.0,1.9695106993224492,5.280083824758573
578.0,1.9694346301961718,5.280916452391908
579.0,1.9693588527610124,5.281748296081665
580.0,1.969283365967629,5.282579358037387
581.0,1.969208168771432,5.2834096404590065
582.0,1.9691332601325564,5.284239145536898
583.0,1.9690586390158336,5.285067875451936
584.0,1.9689843043907633,5.2858958323755445
585.0,1.9689102552314866,5.286723018469758
586.0,1.9688364905167575,5.287549435887266
587.0,1.9687630092299166,5.288375086771476
588.0,1.968689810358864,5.289199973256556
589.0,1.9686168928960317,5.290024097467498
590.0,1.9685442558383581,5.29084746152016
591.0,1.9684718981872609,5.291670067521324
592.0,1.968399818948611,5.292491917568745
593.0,1.968328017132706,5.293313013751201
594.0,1.9682564917542453,5.294133358148546
595.0,1.9681852418323038,5.29495295283176
596.0,1.9681142663903064,5.295771799862996
597.0,1.9680435644560028,5.296589901295632
598.0,1.967973135061443,5.297407259174321
599.0,1.9679029772429508,5.298223875535037
600.0,1.967833090041101,5.2990397524051245
601.0,1.9677634725006932,5.299854891803349
602.0,1.9676941236707284,5.300669295739942
603.0,1.9676250426043842,5.301482966216649
604.0,1.9675562283589914,5.302295905226777
605.0,1.9674876799960095,5.303108114755243
606.0,1.9674193965810032,5.303919596778616
607.0,1.9673513771836186,5.304730353265169
608.0,1.9672836208775608,5.305540386174921
609.0,1.9672161267405692,5.306349697459683
610.0,1.967148893854396,5.3071582890631035
611.0,1.9670819213047819,5.307966162920715
612.0,1.9670152081814345,5.3087733209599755
613.0,1.9669487535780052,5.309579765100317
614.0,1.9668825565920671,5.310385497253184
615.0,1.9668166163250924,5.311190519322082
616.0,1.9667509318824303,5.311994833202619
617.0,1.9666855023732859,5.31279844078255
618.0,1.9666203269106972,5.313601343941816
619.0,1.9665554046115143,5.31440354455259
620.0,1.966490734596378,5.3152050444793195
621.0,1.966426315989698,5.316005845578766
622.0,1.9663621479196318,5.316805949700048
623.0,1.966298229518064,5.317605358684682
624.0,1.9662345599205853,5.318404074366626
625.0,1.9661711382664717,5.319202098572315
626.0,1.966107963698664,5.319999433120708
627.0,1.9660450353637473,5.320796079823323
628.0,1.9659823524119306,5.321592040484278
629.0,1.965919913997027,5.3223873169003335
630.0,1.9658577192764328,5.32318191086093
631.0,1.9657957674111093,5.323975824148227
632.0,1.965734057565561,5.324769058537142
633.0,1.9656725889078177,5.325561615795391
634.0,1.9656113606094139,5.326353497683524
635.0,1.9655503718453702,5.3271447059549635
636.0,1.9654896217941735,5.327935242356046
637.0,1.9654291096377585,5.328725108626056
638.0,1.9653688345614884,5.329514306497264
639.0,1.9653087957541358,5.330302837694964
640.0,1.9652489924078649,5.3310907039375115
641.0,1.965189423718212,5.33187790693636
642.0,1.9651300888840675,5.332664448396095
643.0,1.965070987107658,5.333450330014473
644.0,1.965012117594527,5.334235553482454
645.0,1.9649534795535182,5.335020120484244
646.0,1.9648950721967564,5.335804032697322
647.0,1.9648368947396302,5.33658729179248
648.0,1.9647789464007746,5.337369899433858
649.0,1.9647212264020524,5.338151857278978
650.0,1.9646637339685382,5.338933166978779
651.0,1.9646064683284998,5.33971383017765
652.0,1.9645494287133818,5.340493848513465
653.0,1.9644926143577877,5.341273223617618
654.0,1.9644360244994634,5.342051957115054
655.0,1.9643796583792807,5.342830050624306
656.0,1.9643235152412197,5.343607505757523
657.0,1.9642675943323527,5.344384324120511
658.0,1.9642118949028273,5.345160507312755
659.0,1.9641564162058505,5.345936056927464
660.0,1.9641011574976714,5.346710974551592
661.0,1.9640461180375661,5.347485261765879
662.0,1.963991297087821,5.348258920144876
663.0,1.9639366939137168,5.349031951256982
664.0,1.9638823077835128,5.349804356664472
665.0,1.9638281379684308,5.350576137923531
666.0,1.9637741837426395,5.351347296584283
667.0,1.9637204443832392,5.352117834190824
668.0,1.9636669191702463,5.352887752281251
669.0,1.9636136073865773,5.3536570523876925
670.0,1.963560508318034,5.354425736036341
671.0,1.9635076212532887,5.355193804747482
672.0,1.9634549454838681,5.355961260035521
673.0,1.9634024803041392,5.356728103409019
674.0,1.9633502250112942,5.357494336370717
675.0,1.9632981789053352,5.35825996041757
676.0,1.9632463412890604,5.359024977040772
677.0,1.9631947114680486,5.359789387725786
678.0,1.9631432887506455,5.360553193952375
679.0,1.9630920724479484,5.3613163971946305
680.0,1.9630410618737928,5.362078998920998
681.0,1.9629902563447377,5.362841000594306
682.0,1.9629396551800513,5.363602403671799
683.0,1.9628892577016974,5.364363209605159
684.0,1.9628390632343211,5.365123419840537
685.0,1.962789071105235,5.365883035818579
686.0,1.9627392806444057,5.366642058974455
687.0,1.9626896911844398,5.367400490737885
688.0,1.9626403020605703,5.368158332533166
689.0,1.9625911126106432,5.3689155857792
690.0,1.9625421221751045,5.36967225188952
691.0,1.9624933300969858,5.3704283322723185
692.0,1.9624447357218922,5.371183828330469
693.0,1.962396338397988,5.371938741461558
694.0,1.9623481374759852,5.372693073057908
695.0,1.9623001323091287,5.373446824506604
696.0,1.9622523222531842,5.3741999971895185
697.0,1.9622047066664259,5.374952592483339
698.0,1.9621572849096227,5.375704611759594
699.0,1.9621100563460263,5.376456056384673
700.0,1.9620630203413583,5.377206927719859
701.0,1.9620161762637978,5.377957227121349
702.0,1.9619695234839685,5.378706955940278
703.0,1.9619230613749272,5.379456115522749
704.0,1.961876789312151,5.380204707209851
705.0,1.9618307066735245,5.380952732337687
706.0,1.9617848128393294,5.3817001922374
707.0,1.96173910719223,5.382447088235192
708.0,1.961693589117264,5.383193421652352
709.0,1.961648258001828,5.383939193805279
710.0,1.9616031132356673,5.384684406005507
711.0,1.9615581542108638,5.385429059559722
712.0,1.961513380321824,5.386173155769795
713.0,1.9614687909652682,5.386916695932799
714.0,1.9614243855402171,5.387659681341033
715.0,1.9613801634479828,5.388402113282045
716.0,1.9613361240921554,5.389143993038658
717.0,1.961292266878593,5.389885321888987
718.0,1.9612485912154096,5.390626101106467
719.0,1.9612050965129644,5.391366331959873
720.0,1.9611617821838503,5.392106015713339
721.0,1.9611186476428832,5.3928451536263875
722.0,1.9610756923070911,5.393583746953946
723.0,1.9610329155957025,5.394321796946372
724.0,1.9609903169301364,5.395059304849469
725.0,1.9609478957339908,5.395796271904517
726.0,1.9609056514330327,5.396532699348287
727.0,1.960863583455187,5.397268588413065
728.0,1.9608216912305259,5.3980039403266735
729.0,1.9607799741912582,5.398738756312492
730.0,1.9607384317717196,5.399473037589476
731.0,1.9606970634083616,5.400206785372183
732.0,1.9606558685397415,5.40094000087079
733.0,1.9606148466065119,5.401672685291111
734.0,1.9605739970514107,5.402404839834626
735.0,1.9605333193192507,5.40313646569849
736.0,1.9604928128569101,5.403867564075567
737.0,1.9604524771133218,5.404598136154435
738.0,1.9604123115394638,5.405328183119419
739.0,1.9603723155883492,5.406057706150603
740.0,1.9603324887150164,5.406786706423855
741.0,1.9602928303765192,5.4075151851108405
742.0,1.9602533400319173,5.408243143379048
743.0,1.9602140171422664,5.408970582391806
744.0,1.960174861170609,5.409697503308302
745.0,1.9601358715819641,5.410423907283603
746.0,1.9600970478433186,5.411149795468671
747.0,1.9600583894236172,5.41187516901039
748.0,1.9600198957937531,5.412600029051574
749.0,1.9599815664265594,5.413324376730995
750.0,1.9599434007967986,5.414048213183397
751.0,1.9599053983811543,5.414771539539517
752.0,1.959867558658222,5.415494356926101
753.0,1.959829881108499,5.416216666465923
754.0,1.9597923652143774,5.416938469277805
755.0,1.959755010460133,5.417659766476635
756.0,1.9597178163319169,5.4183805591733805
757.0,1.9596807823177478,5.4191008484751135
758.0,1.9596439079075014,5.4198206354850225
759.0,1.959607192592903,5.420539921302434
760.0,1.9595706358675182,5.421258707022829
761.0,1.959534237226744,5.421976993737857
762.0,1.9594979961678003,5.422694782535361
763.0,1.9594619121897219,5.423412074499388
764.0,1.959425984793349,5.424128870710208
765.0,1.95939021348132,5.424845172244336
766.0,1.959354597758061,5.425560980174539
767.0,1.9593191371297802,5.4262762955698625
768.0,1.959283831104457,5.426991119495644
769.0,1.9592486791918347,5.427705453013528
770.0,1.959213680903413,5.428419297181484
771.0,1.959178835752439,5.4291326530538235
772.0,1.9591441432538987,5.429845521681218
773.0,1.95910960292451,5.43055790411071
774.0,1.9590752142827137,5.431269801385737
775.0,1.9590409768486658,5.4319812145461395
776.0,1.95900689014423,5.4326921446281835
777.0,1.9589729536929685,5.433402592664574
778.0,1.9589391670201362,5.434112559684471
779.0,1.9589055296526707,5.434822046713505
780.0,1.958872041119186,5.435531054773792
781.0,1.9588387009499642,5.436239584883953
782.0,1.9588055086769478,5.4369476380591255
783.0,1.9587724638337323,5.43765521531098
784.0,1.9587395659555582,5.438362317647737
785.0,1.958706814579304,5.43906894607418
786.0,1.9586742092434781,5.439775101591672
787.0,1.9586417494882118,5.440480785198171
788.0,1.9586094348552514,5.441185997888245
789.0,1.9585772648879516,5.441890740653085
790.0,1.958545239131267,5.442595014480523
791.0,1.958513357131746,5.443298820355045
792.0,1.9584816184375227,5.4440021592578045
793.0,1.95845002259831,5.444705032166641
794.0,1.9584185691653924,5.445407440056091
795.0,1.9583872576916188,5.446109383897403
796.0,1.9583560877313957,5.446810864658554
797.0,1.9583250588406795,5.447511883304262
798.0,1.9582941705769703,5.448212440796001
799.0,1.958263422499304,5.448912538092015
800.0,1.9582328141682463,5.4496121761473315
801.0,1.958202345145885,5.450311355913775
802.0,1.9581720149958237,5.451010078339984
803.0,1.9581418232831747,5.451708344371423
804.0,1.958111769574552,5.452406154950395
805.0,1.9580818534380655,5.453103511016056
806.0,1.958052074443313,5.45380041350443
807.0,1.9580224321613744,5.454496863348422
808.0,1.9579929261648046,5.45519286147783
809.0,1.9579635560276274,5.45588840881936
810.0,1.9579343213253284,5.45658350629664
811.0,1.957905221634849,5.457278154830231
812.0,1.9578762565345793,5.457972355337641
813.0,1.957847425604352,5.45866610873334
814.0,1.9578187284254365,5.45935941592877
815.0,1.957790164580531,5.460052277832361
816.0,1.9577617336537578,5.460744695349542
817.0,1.9577334352306563,5.461436669382755
818.0,1.9577052688981766,5.462128200831467
819.0,1.9576772342446733,5.462819290592182
820.0,1.9576493308598995,5.463509939558455
821.0,1.957621558335,5.464200148620906
822.0,1.9575939162625067,5.464889918667228
823.0,1.9575664042363305,5.465579250582204
824.0,1.9575390218517568,5.466268145247717
825.0,1.9575117687054384,5.466956603542763
826.0,1.9574846443953902,5.467644626343463
827.0,1.9574576485209827,5.468332214523076
828.0,1.9574307806829365,5.469019368952009
829.0,1.9574040404833162,5.469706090497832
830.0,1.9573774275255242,5.470392380025288
831.0,1.9573509414142958,5.471078238396306
832.0,1.957324581755692,5.471763666470011
833.0,1.957298348157095,5.472448665102739
834.0,1.9572722402272016,5.473133235148047
835.0,1.9572462575760183,5.473817377456721
836.0,1.9572203998148545,5.474501092876797
837.0,1.9571946665563178,5.475184382253562
838.0,1.9571690574143077,5.475867246429572
839.0,1.9571435720040107,5.476549686244662
840.0,1.957118209941894,5.477231702535958
841.0,1.9570929708457008,5.477913296137887
842.0,1.9570678543344437,5.4785944678821865
843.0,1.9570428600284002,5.479275218597921
844.0,1.9570179875491065,5.479955549111489
845.0,1.956993236519353,5.480635460246635
846.0,1.9569686065631777,5.481314952824461
847.0,1.9569440973058623,5.481994027663438
848.0,1.9569197083739251,5.482672685579415
849.0,1.9568954393951175,5.48335092738563
850.0,1.9568712899984173,5.4840287538927255
851.0,1.956847259814024,5.484706165908752
852.0,1.9568233484733544,5.485383164239184
853.0,1.9567995556090354,5.486059749686928
854.0,1.9567758808549007,5.486735923052335
855.0,1.9567523238459852,5.487411685133211
856.0,1.956728884218519,5.488087036724824
857.0,1.9567055616099238,5.488761978619919
858.0,1.9566823556588064,5.489436511608724
859.0,1.9566592660049544,5.490110636478965
860.0,1.9566362922893314,5.490784354015874
861.0,1.9566134341540715,5.491457665002198
862.0,1.9565906912424744,5.49213057021821
863.0,1.9565680631990008,5.49280307044172
864.0,1.9565455496692674,5.493475166448086
865.0,1.9565231503000418,5.494146859010219
866.0,1.956500864739238,5.4948181488986005
867.0,1.956478692635911,5.495489036881285
868.0,1.9564566336402527,5.4961595237239145
869.0,1.9564346874035867,5.496829610189728
870.0,1.9564128535783638,5.497499297039569
871.0,1.956391131818157,5.498168585031896
872.0,1.9563695217776569,5.498837474922795
873.0,1.9563480231126669,5.499505967465984
874.0,1.956326635480099,5.500174063412826
875.0,1.9563053585379686,5.500841763512341
876.0,1.9562841919453904,5.501509068511207
877.0,1.9562631353625735,5.502175979153778
878.0,1.9562421884508165,5.50284249618209
879.0,1.9562213508725041,5.50350862033587
880.0,1.9562006222911017,5.504174352352544
881.0,1.9561800023711506,5.504839692967252
882.0,1.9561594907782645,5.5055046429128485
883.0,1.9561390871791244,5.506169202919919
884.0,1.9561187912414744,5.506833373716786
885.0,1.9560986026341174,5.507497156029517
886.0,1.9560785210269105,5.508160550581937
887.0,1.9560585460907607,5.508823558095633
888.0,1.9560386774976206,5.509486179289968
889.0,1.9560189149204843,5.510148414882084
890.0,1.9559992580333827,5.510810265586917
891.0,1.9559797065113798,5.5114717321172
892.0,1.9559602600305677,5.5121328151834765
893.0,1.955940918268063,5.512793515494106
894.0,1.9559216809020026,5.513453833755275
895.0,1.955902547611539,5.514113770671003
896.0,1.955883518076837,5.5147733269431525
897.0,1.9558645919790685,5.515432503271438
898.0,1.955845769000409,5.516091300353436
899.0,1.9558270488240337,5.516749718884588
900.0,1.9558084311341133,5.517407759558215
901.0,1.9557899156158092,5.51806542306552
902.0,1.9557715019552706,5.518722710095604
903.0,1.95575318983963,5.519379621335466
904.0,1.955734978956999,5.520036157470016
905.0,1.9557168689964646,5.520692319182084
906.0,1.9556988596480847,5.521348107152424
907.0,1.9556809506028854,5.522003522059727
908.0,1.955663141552856,5.522658564580622
909.0,1.9556454321909453,5.523313235389694
910.0,1.9556278222110581,5.523967535159485
911.0,1.955610311308051,5.5246214645605
912.0,1.9555928991777285,5.525275024261223
913.0,1.9555755855168397,5.525928214928118
914.0,1.955558370023074,5.5265810372256405
915.0,1.9555412523950575,5.527233491816244
916.0,1.9555242323323492,5.527885579360385
917.0,1.9555073095354374,5.528537300516537
918.0,1.9554904837057359,5.529188655941193
919.0,1.95547375454558,5.529839646288876
920.0,1.9554571217582235,5.530490272212144
921.0,1.9554405850478342,5.531140534361599
922.0,1.9554241441194913,5.531790433385897
923.0,1.9554077986791802,5.53243996993175
924.0,1.955391548433791,5.533089144643939
925.0,1.9553753930911126,5.533737958165318
926.0,1.9553593323598313,5.534386411136823
927.0,1.9553433659495254,5.535034504197477
928.0,1.955327493570663,5.5356822379844015
929.0,1.9553117149345978,5.53632961313282
930.0,1.9552960297535655,5.536976630276068
931.0,1.9552804377406812,5.537623290045596
932.0,1.9552649386099343,5.538269593070984
933.0,1.9552495320761871,5.53891553997994
934.0,1.9552342178551696,5.539561131398314
935.0,1.955218995663477,5.540206367950103
936.0,1.9552038652185657,5.540851250257454
937.0,1.9551888262387511,5.5414957789406785
938.0,1.9551738784432027,5.5421399546182535
939.0,1.9551590215519417,5.542783777906831
940.0,1.9551442552858374,5.543427249421245
941.0,1.955129579366604,5.544070369774516
942.0,1.9551149935167969,5.544713139577863
943.0,1.9551004974598098,5.545355559440703
944.0,1.9550860909198717,5.545997629970666
945.0,1.955071773622043,5.546639351773592
946.0,1.9550575452922125,5.54728072545355
947.0,1.955043405657094,5.547921751612834
948.0,1.9550293544442237,5.548562430851973
949.0,1.9550153913819561,5.549202763769741
950.0,1.9550015161994618,5.549842750963159
951.0,1.9549877286267237,5.550482393027505
952.0,1.9549740283945338,5.551121690556318
953.0,1.9549604152344906,5.551760644141406
954.0,1.9549468888789954,5.552399254372851
955.0,1.9549334490612493,5.553037521839018
956.0,1.9549200955152506,5.553675447126559
957.0,1.9549068279757909,5.5543130308204205
958.0,1.954893646178453,5.5549502735038505
959.0,1.9548805498596071,5.5555871757584026
960.0,1.9548675387564083,5.556223738163944
961.0,1.954854612606793,5.556859961298663
962.0,1.954841771149476,5.557495845739073
963.0,1.9548290141239488,5.558131392060018
964.0,1.9548163412704742,5.558766600834681
965.0,1.9548037523300854,5.559401472634591
966.0,1.9547912470445823,5.560036008029626
967.0,1.9547788251565286,5.560670207588021
968.0,1.9547664864092487,5.561304071876374
969.0,1.9547542305468253,5.561937601459651
970.0,1.954742057314096,5.562570796901194
971.0,1.9547299664566504,5.563203658762724
972.0,1.954717957720828,5.563836187604351
973.0,1.9547060308537145,5.564468383984575
974.0,1.9546941856031392,5.565100248460299
975.0,1.9546824217176724,5.565731781586825
976.0,1.9546707389466225,5.566362983917869
977.0,1.9546591370400328,5.566993856005562
978.0,1.9546476157486794,5.567624398400457
979.0,1.954636174824068,5.568254611651536
980.0,1.954624814018431,5.568884496306213
981.0,1.9546135330847254,5.569514052910341
982.0,1.9546023317766292,5.570143282008218
983.0,1.9545912098485396,5.570772184142595
984.0,1.9545801670555696,5.571400759854677
985.0,1.9545692031535453,5.5720290096841305
986.0,1.954558317899004,5.572656934169091
987.0,1.9545475110491906,5.5732845338461665
988.0,1.9545367823620552,5.573911809250443
989.0,1.9545261315962508,5.574538760915492
990.0,1.9545155585111305,5.575165389373372
991.0,1.9545050628667446,5.575791695154639
992.0,1.9544946444238387,5.57641767878835
993.0,1.9544843029438501,5.577043340802065
994.0,1.954474038188906,5.577668681721859
995.0,1.9544638499218208,5.578293702072319
996.0,1.954453737906093,5.578918402376559
997.0,1.954443701905903,5.579542783156217
998.0,1.9544337416861115,5.580166844931466
999.0,1.9544238570122552,5.580790588221016
1000.0,1.9544140476505456,5.58141401354212
1001.0,1.954404313367866,5.582037121410579
1002.0,1.9543946539317691,5.582659912340748
1003.0,1.9543850691104747,5.583282386845543
1004.0,1.9543755586728666,5.5839045454364395
1005.0,1.954366122388491,5.584526388623487
1006.0,1.9543567600275535,5.5851479169153055
1007.0,1.9543474713609168,5.585769130819097
1008.0,1.9543382561600984,5.586390030840646
1009.0,1.954329114197268,5.587010617484329
1010.0,1.9543200452452454,5.587630891253113
1011.0,1.9543110490774975,5.588250852648568
1012.0,1.9543021254681365,5.588870502170868
1013.0,1.9542932741919175,5.5894898403187945
1014.0,1.9542844950242357,5.590108867589746
1015.0,1.9542757877411248,5.590727584479738
1016.0,1.9542671521192536,5.5913459914834105
1017.0,1.9542585879359247,5.591964089094034
1018.0,1.9542500949690718,5.592581877803513
1019.0,1.954241672997257,5.593199358102388
1020.0,1.9542333217996692,5.593816530479846
1021.0,1.9542250411561215,5.594433395423722
1022.0,1.9542168308470487,5.595049953420502
1023.0,1.9542086906535052,5.595666204955332
1024.0,1.9542006203571631,5.59628215051202
1025.0,1.9541926197403097,5.59689779057304
1026.0,1.9541846885858447,5.59751312561954
1027.0,1.954176826677279,5.598128156131343
1028.0,1.9541690337987316,5.598742882586955
1029.0,1.9541613097349282,5.599357305463566
1030.0,1.9541536542711984,5.599971425237057
1031.0,1.9541460671934736,5.600585242382006
1032.0,1.9541385482882851,5.601198757371687
1033.0,1.9541310973427617,5.601811970678082
1034.0,1.9541237141446277,5.602424882771879
1035.0,1.9541163984822005,5.60303749412248
1036.0,1.9541091501443888,5.603649805198006
1037.0,1.95410196892069,5.604261816465297
1038.0,1.954094854601189,5.604873528389924
1039.0,1.9540878069765548,5.605484941436186
1040.0,1.9540808258380398,5.606096056067116
1041.0,1.9540739109774763,5.606706872744492
1042.0,1.9540670621872755,5.607317391928831
1043.0,1.9540602792604251,5.607927614079401
1044.0,1.954053561990487,5.608537539654223
1045.0,1.9540469101715958,5.6091471691100745
1046.0,1.954040323598456,5.609756502902495
1047.0,1.9540338020663406,5.6103655414857885
1048.0,1.9540273453710886,5.6109742853130316
1049.0,1.9540209533091035,5.611582734836072
1050.0,1.954014625677351,5.612190890505539
1051.0,1.9540083622733568,5.612798752770842
1052.0,1.9540021628952051,5.613406322080178
1053.0,1.9539960273415362,5.614013598880536
1054.0,1.9539899554115447,5.6146205836176994
1055.0,1.9539839469049776,5.615227276736251
1056.0,1.9539780016221322,5.615833678679577
1057.0,1.9539721193638542,5.616439789889871
1058.0,1.953966299931536,5.617045610808138
1059.0,1.953960543127114,5.617651141874201
1060.0,1.9539548487530682,5.618256383526698
1061.0,1.9539492166124184,5.6188613362030955
1062.0,1.9539436465087234,5.619466000339686
1063.0,1.9539381382460794,5.620070376371592
1064.0,1.953932691629117,5.620674464732774
1065.0,1.9539273064630007,5.6212782658560325
1066.0,1.9539219825534258,5.62188178017301
1067.0,1.9539167197066167,5.622485008114197
1068.0,1.953911517729326,5.623087950108935
1069.0,1.953906376428832,5.623690606585422
1070.0,1.9539012956129365,5.624292977970716
1071.0,1.9538962750899633,5.624895064690735
1072.0,1.9538913146687569,5.625496867170267
1073.0,1.95388641415868,5.62609838583297
1074.0,1.9538815733696118,5.626699621101374
1075.0,1.9538767921119464,5.627300573396892
1076.0,1.953872070196591,5.627901243139815
1077.0,1.9538674074349638,5.628501630749324
1078.0,1.9538628036389927,5.629101736643485
1079.0,1.953858258621113,5.629701561239261
1080.0,1.9538537721942664,5.630301104952511
1081.0,1.9538493441718983,5.630900368197994
1082.0,1.9538449743679567,5.631499351389376
1083.0,1.9538406625968905,5.632098054939227
1084.0,1.953836408673647,5.632696479259034
1085.0,1.9538322124136716,5.633294624759196
1086.0,1.9538280736329043,5.633892491849031
1087.0,1.9538239921477796,5.634490080936782
1088.0,1.9538199677752235,5.635087392429617
1089.0,1.953816000332653,5.635684426733634
1090.0,1.9538120896379736,5.636281184253864
1091.0,1.9538082355095776,5.636877665394277
1092.0,1.953804437766343,5.6374738705577805
1093.0,1.9538006962276313,5.638069800146228
1094.0,1.9537970107132863,5.638665454560422
1095.0,1.9537933810436319,5.639260834200113
1096.0,1.9537898070394708,5.639855939464008
1097.0,1.953786288522083,5.640450770749771
1098.0,1.9537828253132237,5.641045328454029
1099.0,1.9537794172351224,5.641639612972374
1100.0,1.9537760641104804,5.642233624699363
1101.0,1.9537727657624697,5.64282736402853
1102.0,1.9537695220147315,5.643420831352379
1103.0,1.9537663326913743,5.644014027062395
1104.0,1.9537631976169725,5.644606951549047
1105.0,1.9537601166165646,5.645199605201785
1106.0,1.953757089515652,5.6457919884090515
1107.0,1.953754116140197,5.6463841015582785
1108.0,1.9537511963166216,5.646975945035893
1109.0,1.953748329871806,5.647567519227324
1110.0,1.9537455166330862,5.648158824516997
1111.0,1.9537427564282535,5.648749861288348
1112.0,1.9537400490855525,5.649340629923817
1113.0,1.9537373944336796,5.649931130804857
1114.0,1.9537347923017814,5.650521364311938
1115.0,1.9537322425194537,5.651111330824546
1116.0,1.9537297449167388,5.6517010307211875
1117.0,1.9537272993241255,5.652290464379396
1118.0,1.9537249055725465,5.652879632175731
1119.0,1.9537225634933773,5.653468534485783
1120.0,1.9537202729184346,5.654057171684176
1121.0,1.953718033679975,5.654645544144572
1122.0,1.9537158456106936,5.655233652239674
1123.0,1.953713708543722,5.655821496341225
1124.0,1.9537116223126272,5.656409076820019
1125.0,1.9537095867514105,5.656996394045896
1126.0,1.9537076016945052,5.657583448387751
1127.0,1.953705666976776,5.658170240213533
1128.0,1.953703782433517,5.658756769890251
1129.0,1.9537019479004507,5.659343037783974
1130.0,1.953700163213726,5.6599290442598384
1131.0,1.9536984282099172,5.660514789682047
1132.0,1.9536967427260228,5.661100274413874
1133.0,1.9536951065994632,5.661685498817667
1134.0,1.9536935196680807,5.662270463254849
1135.0,1.9536919817701364,5.662855168085927
1136.0,1.9536904927443102,5.663439613670486
1137.0,1.953689052429699,5.6640238003672
1138.0,1.953687660665815,5.664607728533831
1139.0,1.9536863172925842,5.665191398527231
1140.0,1.9536850221503463,5.665774810703349
1141.0,1.9536837750798517,5.6663579654172285
1142.0,1.953682575922261,5.666940863023016
1143.0,1.9536814245191434,5.6675235038739595
1144.0,1.9536803207124758,5.668105888322414
1145.0,1.9536792643446408,5.668688016719842
1146.0,1.9536782552584258,5.669269889416819
1147.0,1.9536772932970214,5.669851506763036
1148.0,1.9536763783040205,5.670432869107299
1149.0,1.9536755101234164,5.671013976797536
1150.0,1.953674688599602,5.671594830180796
1151.0,1.953673913577368,5.672175429603256
1152.0,1.9536731849019022,5.672755775410221
1153.0,1.953672502418788,5.673335867946126
1154.0,1.9536718659740022,5.673915707554543
1155.0,1.9536712754139154,5.674495294578177
1156.0,1.9536707305852892,5.675074629358876
1157.0,1.9536702313352756,5.675653712237628
1158.0,1.9536697775114158,5.676232543554566
1159.0,1.9536693689616387,5.676811123648974
1160.0,1.9536690055342598,5.6773894528592805
1161.0,1.95366868707798,5.677967531523073
1162.0,1.9536684134418838,5.678545359977092
1163.0,1.9536681844754387,5.679122938557236
1164.0,1.9536680000284936,5.679700267598565
1165.0,1.9536678599512778,5.680277347435304
1166.0,1.9536677640943996,5.680854178400843
1167.0,1.9536677123088453,5.68143076082774
1168.0,1.9536677044459774,5.682007095047727
1169.0,1.953667740357534,5.682583181391708
1170.0,1.9536678198956274,5.683159020189765
1171.0,1.9536679429127428,5.68373461177116
1172.0,1.953668109261737,5.684309956464335
1173.0,1.9536683187958375,5.684885054596918
1174.0,1.9536685713686412,5.685459906495722
1175.0,1.9536688668341133,5.686034512486752
1176.0,1.9536692050465856,5.686608872895204
1177.0,1.9536695858607558,5.687182988045468
1178.0,1.9536700091316863,5.687756858261131
1179.0,1.953670474714803,5.6883304838649815
1180.0,1.953670982465894,5.688903865179009
1181.0,1.9536715322411085,5.689477002524407
1182.0,1.9536721238969559,5.690049896221576
1183.0,1.953672757290304,5.690622546590127
1184.0,1.9536734322783789,5.691194953948883
1185.0,1.9536741487187623,5.69176711861588
1186.0,1.9536749064693921,5.692339040908372
1187.0,1.95367570538856,5.692910721142832
1188.0,1.953676545334911,5.6934821596349545
1189.0,1.953677426167442,5.6940533566996585
1190.0,1.953678347745501,5.694624312651089
1191.0,1.9536793099287855,5.695195027802621
1192.0,1.9536803125773416,5.695765502466858
1193.0,1.953681355551563,5.696335736955641
1194.0,1.9536824387121903,5.696905731580044
1195.0,1.9536835619203086,5.697475486650379
1196.0,1.9536847250373477,5.698045002476202
1197.0,1.9536859279250804,5.698614279366309
1198.0,1.953687170445622,5.6991833176287425
1199.0,1.9536884524614282,5.699752117570792
1200.0,1.9536897738352947,5.700320679498999
1201.0,1.9536911344303562,5.700889003719154
1202.0,1.9536925341100853,5.701457090536304
1203.0,1.9536939727382907,5.702024940254753
1204.0,1.9536954501791173,5.7025925531780635
1205.0,1.9536969662970443,5.703159929609059
1206.0,1.9536985209568845,5.703727069849828
1207.0,1.953700114023783,5.704293974201724
1208.0,1.9537017453632168,5.704860642965367
1209.0,1.9537034148409926,5.7054270764406505
1210.0,1.953705122323247,5.705993274926739
1211.0,1.9537068676764444,5.706559238722071
1212.0,1.953708650767377,5.707124968124363
1213.0,1.953710471463163,5.707690463430612
1214.0,1.9537123296312457,5.708255724937092
1215.0,1.9537142251393929,5.708820752939365
1216.0,1.9537161578556954,5.709385547732278
1217.0,1.9537181276485662,5.709950109609964
1218.0,1.9537201343867396,5.710514438865847
1219.0,1.95372217793927,5.711078535792643
1220.0,1.953724258175531,5.711642400682362
1221.0,1.9537263749652143,5.7122060338263125
1222.0,1.953728528178329,5.712769435515099
1223.0,1.9537307176852003,5.7133326060386285
1224.0,1.9537329433564687,5.713895545686109
1225.0,1.9537352050630887,5.714458254746055
1226.0,1.9537375026763284,5.715020733506288
1227.0,1.953739836067768,5.715582982253937
1228.0,1.9537422051092992,5.716145001275445
1229.0,1.953744609673124,5.7167067908565645
1230.0,1.9537470496317537,5.717268351282367
1231.0,1.9537495248580081,5.717829682837239
1232.0,1.9537520352250148,5.718390785804887
1233.0,1.9537545806062075,5.718951660468339
1234.0,1.953757160875326,5.719512307109947
1235.0,1.953759775906414,5.720072726011387
1236.0,1.9537624255738197,5.720632917453664
1237.0,1.9537651097521938,5.721192881717112
1238.0,1.9537678283164888,5.721752619081396
1239.0,1.9537705811419581,5.722312129825516
1240.0,1.9537733681041554,5.722871414227806
1241.0,1.9537761890789331,5.723430472565939
1242.0,1.953779043942442,5.723989305116925
1243.0,1.95378193257113,5.724547912157118
1244.0,1.9537848548417418,5.725106293962214
1245.0,1.9537878106313167,5.725664450807254
1246.0,1.9537907998171893,5.726222382966627
1247.0,1.9537938222769873,5.7267800907140725
1248.0,1.9537968778886314,5.727337574322679
1249.0,1.9537999665303343,5.727894834064888
1250.0,1.9538030880805992,5.728451870212498
1251.0,1.9538062424182199,5.729008683036663
1252.0,1.9538094294222788,5.729565272807895
1253.0,1.953812648972147,5.73012163979607
1254.0,1.953815900947483,5.730677784270422
1255.0,1.9538191852282314,5.731233706499553
1256.0,1.9538225016946231,5.731789406751429
1257.0,1.9538258502271735,5.7323448852933865
1258.0,1.9538292307066818,5.73290014239213
1259.0,1.9538326430142305,5.733455178313737
1260.0,1.9538360870311844,5.734009993323659
1261.0,1.9538395626391893,5.734564587686723
1262.0,1.9538430697201719,5.735118961667132
1263.0,1.9538466081563381,5.735673115528469
1264.0,1.9538501778301733,5.736227049533699
1265.0,1.9538537786244405,5.736780763945171
1266.0,1.9538574104221798,5.737334259024615
1267.0,1.9538610731067074,5.73788753503315
1268.0,1.9538647665616156,5.7384405922312824
1269.0,1.9538684906707708,5.73899343087891
1270.0,1.9538722453183135,5.739546051235322
1271.0,1.953876030388657,5.7400984535592
1272.0,1.953879845766487,5.7406506381086215
1273.0,1.9538836913367603,5.741202605141062
1274.0,1.9538875669847042,5.741754354913396
1275.0,1.9538914725958163,5.742305887681898
1276.0,1.9538954080558624,5.742857203702245
1277.0,1.9538993732508767,5.7434083032295185
1278.0,1.953903368067161,5.743959186518206
1279.0,1.9539073923912829,5.744509853822201
1280.0,1.9539114461100766,5.745060305394809
1281.0,1.9539155291106407,5.745610541488744
1282.0,1.953919641280338,5.746160562356135
1283.0,1.9539237825067943,5.746710368248524
1284.0,1.9539279526778988,5.747259959416871
1285.0,1.9539321516818018,5.74780933611155
1286.0,1.953936379406915,5.748358498582359
1287.0,1.9539406357419098,5.748907447078515
1288.0,1.9539449205757176,5.7494561818486565
1289.0,1.9539492337975282,5.75000470314085
1290.0,1.9539535752967891,5.7505530112025856
1291.0,1.9539579449632056,5.751101106280782
1292.0,1.9539623426867387,5.751648988621787
1293.0,1.9539667683576054,5.752196658471381
1294.0,1.9539712218662775,5.752744116074775
1295.0,1.9539757031034808,5.753291361676617
1296.0,1.9539802119601946,5.7538383955209875
1297.0,1.9539847483276505,5.754385217851408
1298.0,1.9539893120973324,5.754931828910838
1299.0,1.953993903160975,5.755478228941677
1300.0,1.9539985214105637,5.75602441818577
1301.0,1.9540031667383333,5.756570396884401
1302.0,1.9540078390367672,5.757116165278304
1303.0,1.9540125381985978,5.757661723607659
1304.0,1.954017264116804,5.758207072112095
1305.0,1.9540220166846123,5.758752211030689
1306.0,1.9540267957954944,5.759297140601975
1307.0,1.954031601343168,5.759841861063935
1308.0,1.9540364332215947,5.7603863726540085
1309.0,1.9540412913249803,5.760930675609093
1310.0,1.9540461755477736,5.7614747701655435
1311.0,1.954051085784666,5.762018656559173
1312.0,1.9540560219305905,5.762562335025256
1313.0,1.9540609838807208,5.763105805798532
1314.0,1.9540659715304711,5.763649069113204
1315.0,1.9540709847754953,5.764192125202939
1316.0,1.954076023511686,5.764734974300873
1317.0,1.9540810876351744,5.76527761663961
1318.0,1.9540861770423286,5.765820052451225
1319.0,1.9540912916297537,5.766362281967266
1320.0,1.9540964312942912,5.766904305418753
1321.0,1.9541015959330177,5.767446123036179
1322.0,1.9541067854432446,5.767987735049517
1323.0,1.9541119997225174,5.768529141688215
1324.0,1.9541172386686152,5.769070343181201
1325.0,1.9541225021795494,5.769611339756885
1326.0,1.9541277901535639,5.770152131643158
1327.0,1.9541331024891333,5.7706927190673944
1328.0,1.9541384390849634,5.7712331022564545
1329.0,1.9541437998399902,5.771773281436684
1330.0,1.9541491846533785,5.772313256833918
1331.0,1.954154593424522,5.772853028673481
1332.0,1.9541600260530423,5.773392597180187
1333.0,1.9541654824387888,5.773931962578344
1334.0,1.9541709624818375,5.774471125091752
1335.0,1.95417646608249,5.775010084943707
1336.0,1.954181993141274,5.775548842357002
1337.0,1.9541875435589413,5.776087397553926
1338.0,1.9541931172364682,5.776625750756271
1339.0,1.9541987140750543,5.777163902185325
1340.0,1.9542043339761224,5.777701852061884
1341.0,1.9542099768413168,5.778239600606241
1342.0,1.9542156425725041,5.778777148038199
1343.0,1.9542213310717713,5.779314494577066
1344.0,1.954227042241426,5.779851640441655
1345.0,1.9542327759839953,5.780388585850292
1346.0,1.954238532202225,5.780925331020811
1347.0,1.9542443107990801,5.781461876170558
1348.0,1.9542501116777429,5.7819982215163925
1349.0,1.9542559347416126,5.782534367274689
1350.0,1.9542617798943054,5.783070313661337
1351.0,1.9542676470396532,5.783606060891744
1352.0,1.954273536081703,5.784141609180835
1353.0,1.954279446924717,5.784676958743055
1354.0,1.954285379473171,5.78521210979237
1355.0,1.9542913336317544,5.785747062542271
1356.0,1.9542973093053697,5.786281817205769
1357.0,1.9543033063991313,5.786816373995402
1358.0,1.9543093248183654,5.787350733123235
1359.0,1.9543153644686093,5.78788489480086
1360.0,1.9543214252556107,5.788418859239398
1361.0,1.9543275070853272,5.7889526266495
1362.0,1.9543336098639257,5.78948619724135
1363.0,1.9543397334977815,5.790019571224662
1364.0,1.9543458778934781,5.790552748808689
1365.0,1.9543520429578067,5.791085730202215
1366.0,1.9543582285977654,5.791618515613563
1367.0,1.9543644347205582,5.792151105250594
1368.0,1.9543706612335952,5.792683499320706
1369.0,1.9543769080444915,5.793215698030841
1370.0,1.954383175061067,5.79374770158748
1371.0,1.9543894621913454,5.79427951019665
1372.0,1.9543957693435536,5.794811124063918
1373.0,1.954402096426122,5.795342543394402
1374.0,1.9544084433476825,5.795873768392762
1375.0,1.9544148100170695,5.796404799263209
1376.0,1.954421196343318,5.796935636209502
1377.0,1.9544276022356637,5.797466279434952
1378.0,1.9544340276035423,5.797996729142418
1379.0,1.9544404723565894,5.798526985534316
1380.0,1.9544469364046386,5.799057048812615
1381.0,1.9544534196577228,5.7995869191788385
1382.0,1.954459922026072,5.8001165968340676
1383.0,1.954466443420114,5.8006460819789405
1384.0,1.9544729837504726,5.801175374813655
1385.0,1.9544795429279684,5.801704475537969
1386.0,1.9544861208636173,5.802233384351201
1387.0,1.9544927174686302,5.802762101452233
1388.0,1.9544993326544124,5.803290627039511
1389.0,1.9545059663325637,5.803818961311045
1390.0,1.9545126184148767,5.804347104464411
1391.0,1.954519288813337,5.804875056696754
1392.0,1.9545259774401227,5.805402818204786
1393.0,1.9545326842076038,5.8059303891847875
1394.0,1.9545394090283414,5.806457769832614
1395.0,1.9545461518150873,5.806984960343688
1396.0,1.9545529124807837,5.807511960913009
1397.0,1.9545596909385623,5.808038771735148
1398.0,1.954566487101744,5.808565393004252
1399.0,1.9545733008838386,5.809091824914047
1400.0,1.9545801321985439,5.8096180676578335
1401.0,1.954586980959745,5.810144121428492
1402.0,1.954593847081514,5.8106699864184845
1403.0,1.9546007304781103,5.811195662819851
1404.0,1.9546076310639788,5.811721150824217
1405.0,1.95461454875375,5.812246450622788
1406.0,1.9546214834622395,5.812771562406357
1407.0,1.9546284351044474,5.8132964863653
1408.0,1.9546354035955575,5.813821222689582
1409.0,1.9546423888509377,5.814345771568755
1410.0,1.9546493907861382,5.814870133191958
1411.0,1.9546564093168923,5.815394307747923
1412.0,1.954663444359115,5.815918295424971
1413.0,1.9546704958289032,5.8164420964110155
1414.0,1.9546775636425338,5.816965710893564
1415.0,1.954684647716465,5.8174891390597185
1416.0,1.9546917479673351,5.8180123810961755
1417.0,1.9546988643119614,5.818535437189228
1418.0,1.9547059966673406,5.819058307524767
1419.0,1.9547131449506476,5.819580992288282
1420.0,1.9547203090792356,5.820103491664862
1421.0,1.9547274889706352,5.820625805839198
1422.0,1.9547346845425542,5.821147934995581
1423.0,1.9547418957128768,5.8216698793179065
1424.0,1.9547491223996636,5.822191638989672
1425.0,1.9547563645211505,5.822713214193982
1426.0,1.9547636219957487,5.823234605113546
1427.0,1.9547708947420441,5.823755811930682
1428.0,1.9547781826787969,5.824276834827313
1429.0,1.9547854857249405,5.824797673984975
1430.0,1.954792803799582,5.82531832958481
1431.0,1.9548001368220016,5.825838801807576
1432.0,1.954807484711651,5.826359090833639
1433.0,1.9548148473881541,5.826879196842982
1434.0,1.9548222247713065,5.827399120015198
1435.0,1.9548296167810741,5.8279188605295
1436.0,1.9548370233375938,5.828438418564712
1437.0,1.954844444361172,5.8289577942992805
1438.0,1.9548518797722854,5.829476987911268
1439.0,1.9548593294915786,5.829995999578356
1440.0,1.9548667934398658,5.830514829477847
1441.0,1.9548742715381289,5.831033477786665
1442.0,1.9548817637075175,5.8315519446813555
1443.0,1.954889269869349,5.832070230338088
1444.0,1.9548967899451066,5.832588334932656
1445.0,1.9549043238564408,5.83310625864048
1446.0,1.9549118715251674,5.833624001636602
1447.0,1.9549194328732682,5.834141564095698
1448.0,1.9549270078228893,5.834658946192066
1449.0,1.9549345962963418,5.835176148099638
1450.0,1.954942198216101,5.8356931699919725
1451.0,1.9549498135048058,5.836210012042262
1452.0,1.954957442085258,5.836726674423328
1453.0,1.954965083880423,5.837243157307629
1454.0,1.9549727388134275,5.837759460867255
1455.0,1.9549804068075611,5.83827558527393
1456.0,1.9549880877862744,5.838791530699017
1457.0,1.9549957816731791,5.839307297313512
1458.0,1.9550034883920477,5.839822885288053
1459.0,1.955011207866813,5.8403382947929146
1460.0,1.9550189400215672,5.8408535259980106
1461.0,1.9550266847805622,5.841368579072896
1462.0,1.9550344420682086,5.841883454186768
1463.0,1.9550422118090758,5.8423981515084655
1464.0,1.955049993927891,5.84291267120647
1465.0,1.9550577883495392,5.84342701344891
1466.0,1.9550655949990627,5.843941178403556
1467.0,1.9550734138016606,5.844455166237828
1468.0,1.955081244682688,5.84496897711879
1469.0,1.9550890875676565,5.845482611213157
1470.0,1.9550969423822335,5.84599606868729
1471.0,1.955104809052241,5.846509349707202
1472.0,1.9551126875036557,5.847022454438555
1473.0,1.9551205776626093,5.847535383046664
1474.0,1.9551284794553867,5.848048135696497
1475.0,1.9551363928084269,5.848560712552673
1476.0,1.9551443176483219,5.849073113779467
1477.0,1.955152253901816,5.84958533954081
1478.0,1.9551602014958065,5.850097390000287
1479.0,1.955168160357342,5.8506092653211415
1480.0,1.955176130413623,5.851120965666275
1481.0,1.955184111592001,5.851632491198246
1482.0,1.9551921038199782,5.852143842079275
1483.0,1.955200107025207,5.852655018471241
1484.0,1.95520812113549,5.853166020535685
1485.0,1.955216146078779,5.85367684843381
1486.0,1.9552241817831753,5.854187502326484
1487.0,1.9552322281769285,5.854697982374236
1488.0,1.955240285188437,5.855208288737262
1489.0,1.9552483527462468,5.855718421575422
1490.0,1.9552564307790516,5.856228381048244
1491.0,1.9552645192156928,5.856738167314923
1492.0,1.9552726179851576,5.857247780534321
1493.0,1.9552807270165802,5.85775722086497
1494.0,1.9552888462392408,5.858266488465072
1495.0,1.9552969755825653,5.858775583492501
1496.0,1.955305114976125,5.8592845061048
1497.0,1.9553132643496354,5.859793256459185
1498.0,1.9553214236329572,5.860301834712549
1499.0,1.955329592756095,5.860810241021452
1500.0,1.955337771649197,5.861318475542136
1501.0,1.9553459602425554,5.861826538430515
1502.0,1.9553541584666045,5.862334429842179
1503.0,1.955362366251922,5.862842149932399
1504.0,1.9553705835292274,5.863349698856119
1505.0,1.9553788102293825,5.863857076767967
1506.0,1.9553870462833902,5.8643642838222485
1507.0,1.9553952916223947,5.864871320172949
1508.0,1.955403546177681,5.8653781859737375
1509.0,1.9554118098806748,5.865884881377963
1510.0,1.9554200826629413,5.866391406538659
1511.0,1.9554283644561858,5.866897761608542
1512.0,1.9554366551922528,5.867403946740016
1513.0,1.955444954803126,5.867909962085165
1514.0,1.9554532632209276,5.868415807795764
1515.0,1.9554615803779176,5.868921484023273
1516.0,1.9554699062064946,5.869426990918841
1517.0,1.9554782406391944,5.869932328633304
1518.0,1.9554865836086899,5.870437497317188
1519.0,1.955494935047791,5.87094249712071
1520.0,1.9555032948894442,5.871447328193778
1521.0,1.9555116630667317,5.871951990685989
1522.0,1.9555200395128718,5.872456484746637
1523.0,1.955528424161218,5.872960810524706
1524.0,1.9555368169452594,5.873464968168874
1525.0,1.955545217798619,5.8739689578275165
1526.0,1.9555536266550548,5.874472779648702
1527.0,1.9555620434484589,5.874976433780196
1528.0,1.9555704681128565,5.875479920369461
1529.0,1.955578900582407,5.875983239563658
1530.0,1.9555873407914017,5.876486391509647
1531.0,1.9555957886742656,5.876989376353985
1532.0,1.9556042441655557,5.877492194242933
1533.0,1.9556127071999605,5.8779948453224495
1534.0,1.9556211777123007,5.878497329738195
1535.0,1.9556296556375283,5.878999647635535
1536.0,1.955638140910726,5.879501799159534
1537.0,1.9556466334671072,5.880003784454964
1538.0,1.9556551332420158,5.8805056036663
1539.0,1.9556636401709255,5.881007256937723
1540.0,1.9556721541894397,5.881508744413118
1541.0,1.9556806752332911,5.882010066236079
1542.0,1.9556892032383415,5.8825112225499065
1543.0,1.955697738140581,5.883012213497611
1544.0,1.9557062798761282,5.883513039221908
1545.0,1.95571482838123,5.8840136998652275
1546.0,1.9557233835922607,5.8845141955697065
1547.0,1.9557319454457218,5.885014526477194
1548.0,1.955740513878242,5.885514692729251
1549.0,1.955749088826577,5.886014694467152
1550.0,1.955757670227608,5.886514531831883
1551.0,1.9557662580183435,5.887014204964144
1552.0,1.9557748521359166,5.887513714004352
1553.0,1.9557834525175866,5.888013059092637
1554.0,1.9557920591007372,5.888512240368847
1555.0,1.9558006718228775,5.889011257972544
1556.0,1.9558092906216409,5.88951011204301
1557.0,1.9558179154347848,5.890008802719245
1558.0,1.9558265462001907,5.8905073301399655
1559.0,1.9558351828558633,5.891005694443611
1560.0,1.9558438253399308,5.891503895768339
1561.0,1.9558524735906442,5.892001934252028
1562.0,1.9558611275463769,5.892499810032279
1563.0,1.9558697871456248,5.892997523246415
1564.0,1.9558784523270059,5.893495074031483
1565.0,1.9558871230292594,5.893992462524251
1566.0,1.9558957991912465,5.894489688861213
1567.0,1.955904480751949,5.894986753178588
1568.0,1.9559131676504695,5.895483655612322
1569.0,1.9559218598260313,5.895980396298085
1570.0,1.9559305572179775,5.896476975371275
1571.0,1.9559392597657714,5.896973392967019
1572.0,1.9559479674089957,5.897469649220169
1573.0,1.955956680087352,5.897965744265311
1574.0,1.9559653977406615,5.898461678236756
1575.0,1.9559741203088636,5.898957451268547
1576.0,1.955982847732016,5.89945306349446
1577.0,1.955991579950295,5.899948515048
1578.0,1.9560003169039937,5.900443806062406
1579.0,1.9560090585335237,5.9009389366706495
1580.0,1.9560178047794132,5.901433907005434
1581.0,1.9560265555823073,5.9019287171992
1582.0,1.9560353108829678,5.902423367384122
1583.0,1.9560440706222728,5.902917857692109
1584.0,1.9560528347412163,5.903412188254807
1585.0,1.9560616031809082,5.903906359203599
1586.0,1.9560703758825735,5.904400370669606
1587.0,1.9560791527875527,5.904894222783686
1588.0,1.9560879338373012,5.905387915676436
1589.0,1.9560967189733884,5.905881449478193
1590.0,1.9561055081374985,5.906374824319035
1591.0,1.9561143012714297,5.906868040328777
1592.0,1.9561230983170936,5.907361097636979
1593.0,1.9561318992165155,5.907853996372943
1594.0,1.9561407039118337,5.90834673666571
1595.0,1.9561495123452994,5.908839318644067
1596.0,1.9561583244592766,5.909331742436545
1597.0,1.9561671401962413,5.909824008171418
1598.0,1.9561759594987815,5.9103161159767055
1599.0,1.9561847823095975,5.910808065980173
1600.0,1.9561936085715004,5.911299858309332
1601.0,1.956202438227413,5.911791493091441
1602.0,1.9562112712203688,5.9122829704535045
1603.0,1.956220107493512,5.912774290522278
1604.0,1.956228946990097,5.913265453424264
1605.0,1.9562377896534888,5.913756459285715
1606.0,1.956246635427162,5.914247308232631
1607.0,1.9562554842547002,5.9147380003907655
1608.0,1.9562643360797973,5.915228535885622
1609.0,1.9562731908462554,5.915718914842455
1610.0,1.956282048497986,5.916209137386273
1611.0,1.9562909089790084,5.916699203641836
1612.0,1.9562997722334508,5.917189113733658
1613.0,1.956308638205549,5.917678867786005
1614.0,1.9563175068396468,5.918168465922903
1615.0,1.956326378080195,5.918657908268127
1616.0,1.9563352518717516,5.919147194945212
1617.0,1.956344128158982,5.919636326077447
1618.0,1.9563530068866577,5.9201253017878805
1619.0,1.956361887999657,5.920614122199316
1620.0,1.956370771442964,5.921102787434317
1621.0,1.9563796571616685,5.921591297615205
1622.0,1.9563885451009666,5.922079652864061
1623.0,1.9563974352061593,5.922567853302725
1624.0,1.9564063274226526,5.9230558990528
1625.0,1.9564152216959576,5.923543790235646
1626.0,1.9564241179716897,5.924031526972389
1627.0,1.9564330161955688,5.924519109383914
1628.0,1.9564419163134188,5.925006537590869
1629.0,1.9564508182711675,5.925493811713668
1630.0,1.956459722014846,5.925980931872486
1631.0,1.9564686274905891,5.926467898187263
1632.0,1.9564775346446344,5.9269547107777045
1633.0,1.9564864434233222,5.927441369763281
1634.0,1.9564953537730958,5.927927875263231
1635.0,1.9565042656405003,5.928414227396558
1636.0,1.956513178972183,5.9289004262820315
1637.0,1.9565220937148933,5.929386472038191
1638.0,1.9565310098154818,5.929872364783343
1639.0,1.9565399272209005,5.930358104635563
1640.0,1.9565488458782025,5.930843691712698
1641.0,1.956557765734542,5.931329126132361
1642.0,1.9565666867371734,5.931814408011939
1643.0,1.9565756088334516,5.932299537468588
1644.0,1.9565845319708315,5.932784514619237
1645.0,1.9565934560968679,5.933269339580586
1646.0,1.9566023811592153,5.933754012469108
1647.0,1.9566113071056275,5.934238533401049
1648.0,1.9566202338839573,5.934722902492429
1649.0,1.9566291614421567,5.935207119859043
1650.0,1.956638089728276,5.9356911856164585
1651.0,1.9566470186904643,5.93617509988002
1652.0,1.9566559482769685,5.936658862764849
1653.0,1.9566648784361338,5.937142474385841
1654.0,1.9566738091164027,5.93762593485767
1655.0,1.9566827402663154,5.938109244294786
1656.0,1.9566916718345095,5.938592402811419
1657.0,1.9567006037697194,5.939075410521575
1658.0,1.9567095360207762,5.939558267539041
1659.0,1.9567184685366077,5.940040973977382
1660.0,1.956727401266238,5.940523529949944
1661.0,1.956736334158787,5.941005935569854
1662.0,1.9567452671634706,5.941488190950019
1663.0,1.9567542002296008,5.941970296203127
1664.0,1.9567631333065842,5.942452251441651
1665.0,1.9567720663439232,5.942934056777842
1666.0,1.9567809992912146,5.9434157123237386
1667.0,1.95678993209815,5.94389721819116
1668.0,1.956798864714516,5.9443785744917115
1669.0,1.956807797090193,5.944859781336781
1670.0,1.9568167291751553,5.945340838837543
1671.0,1.9568256609194712,5.945821747104958
1672.0,1.9568345922733028,5.94630250624977
1673.0,1.9568435231869052,5.946783116382513
1674.0,1.9568524536106267,5.947263577613507
1675.0,1.9568613834949085,5.947743890052857
1676.0,1.9568703127902847,5.94822405381046
1677.0,1.9568792414473817,5.9487040689959985
1678.0,1.9568881694169182,5.949183935718946
1679.0,1.9568970966497048,5.949663654088566
1680.0,1.956906023096644,5.9501432242139085
1681.0,1.9569149487087298,5.9506226462038185
1682.0,1.956923873437048,5.95110192016693
1683.0,1.956932797232775,5.951581046211667
1684.0,1.9569417200471784,5.952060024446249
1685.0,1.9569506418316163,5.952538854978685
1686.0,1.9569595625375376,5.953017537916778
1687.0,1.9569684821164814,5.953496073368124
1688.0,1.956977400520077,5.953974461440115
1689.0,1.9569863177000433,5.9544527022399345
1690.0,1.956995233608189,5.954930795874563
1691.0,1.9570041481964122,5.955408742450775
1692.0,1.9570130614167003,5.955886542075141
1693.0,1.9570219732211298,5.956364194854029
1694.0,1.9570308835618657,5.956841700893602
1695.0,1.9570397923911618,5.95731906029982
1696.0,1.9570486996613603,5.957796273178444
1697.0,1.9570576053248918,5.9582733396350305
1698.0,1.9570665093342745,5.958750259774934
1699.0,1.9570754116421143,5.95922703370331
1700.0,1.957084312201105,5.959703661525112
1701.0,1.9570932109640278,5.960180143345095
1702.0,1.9571021078837507,5.960656479267813
1703.0,1.9571110029132288,5.961132669397622
1704.0,1.957119896005504,5.961608713838678
1705.0,1.9571287871137049,5.962084612694941
1706.0,1.957137676191046,5.962560366070172
1707.0,1.9571465631908282,5.963035974067934
1708.0,1.9571554480664384,5.963511436791595
1709.0,1.957164330771349,5.963986754344326
1710.0,1.9571732112591183,5.964461926829101
1711.0,1.9571820894833891,5.964936954348699
1712.0,1.9571909653978905,5.965411837005706
1713.0,1.9571998389564356,5.965886574902511
1714.0,1.9572087101129225,5.966361168141309
1715.0,1.9572175788213342,5.966835616824103
1716.0,1.9572264450357375,5.967309921052701
1717.0,1.9572353087102836,5.96778408092872
1718.0,1.9572441697992076,5.9682580965535825
1719.0,1.9572530282568283,5.968731968028521
1720.0,1.9572618840375482,5.969205695454576
1721.0,1.9572707370958529,5.969679278932597
1722.0,1.9572795873863114,5.970152718563242
1723.0,1.9572884348635755,5.970626014446981
1724.0,1.9572972794823797,5.97109916668409
1725.0,1.9573061211975415,5.971572175374662
1726.0,1.9573149599639603,5.972045040618594
1727.0,1.9573237957366179,5.972517762515602
1728.0,1.957332628470578,5.972990341165207
1729.0,1.9573414581209867,5.973462776666748
1730.0,1.9573502846430706,5.973935069119373
1731.0,1.9573591079921386,5.974407218622046
1732.0,1.957367928123581,5.974879225273542
1733.0,1.9573767449928683,5.9753510891724515
1734.0,1.9573855585555524,5.975822810417181
1735.0,1.957394368767266,5.97629438910595
1736.0,1.957403175583722,5.976765825336794
1737.0,1.9574119789607138,5.9772371192075635
1738.0,1.957420778854115,5.977708270815927
1739.0,1.9574295752198785,5.978179280259368
1740.0,1.957438368014038,5.978650147635188
1741.0,1.957447157192706,5.979120873040505
1742.0,1.9574559427120743,5.979591456572256
1743.0,1.9574647245284147,5.980061898327195
1744.0,1.9574735025980772,5.980532198401896
1745.0,1.957482276877491,5.981002356892751
1746.0,1.9574910473231641,5.981472373895972
1747.0,1.9574998138916826,5.981942249507592
1748.0,1.957508576539711,5.982411983823461
1749.0,1.9575173352239923,5.982881576939254
1750.0,1.957526089901347,5.983351028950464
1751.0,1.9575348405286732,5.983820339952407
1752.0,1.9575435870629472,5.984289510040221
1753.0,1.957552329461222,5.984758539308865
1754.0,1.9575610676806285,5.985227427853123
1755.0,1.9575698016783742,5.985696175767599
1756.0,1.9575785314117435,5.986164783146722
1757.0,1.9575872568380976,5.986633250084747
1758.0,1.9575959779148742,5.987101576675751
1759.0,1.9576046945995873,5.987569763013635
1760.0,1.957613406849827,5.988037809192128
1761.0,1.9576221146232595,5.988505715304781
1762.0,1.957630817877627,5.988973481444973
1763.0,1.9576395165707468,5.98944110770591
1764.0,1.9576482106605122,5.989908594180624
1765.0,1.9576569001048914,5.990375940961972
1766.0,1.957665584861928,5.99084314814264
1767.0,1.9576742648897405,5.991310215815144
1768.0,1.957682940146522,5.991777144071824
1769.0,1.9576916105905406,5.992243933004851
1770.0,1.9577002761801383,5.992710582706226
1771.0,1.957708936873732,5.993177093267777
1772.0,1.9577175926298118,5.9936434647811625
1773.0,1.957726243406943,5.994109697337873
1774.0,1.9577348891637634,5.994575791029226
1775.0,1.9577435298589851,5.995041745946373
1776.0,1.9577521654513936,5.995507562180294
1777.0,1.9577607958998475,5.995973239821804
1778.0,1.9577694211632783,5.996438778961548
1779.0,1.9577780412006909,5.996904179690002
1780.0,1.9577866559711627,5.997369442097478
1781.0,1.9577952654338437,5.9978345662741175
1782.0,1.9578038695479565,5.9982995523098985
1783.0,1.9578124682727955,5.998764400294632
1784.0,1.9578210615677278,5.999229110317962
1785.0,1.957829649392192,5.999693682469368
1786.0,1.9578382317056988,6.000158116838165
1787.0,1.9578468084678304,6.0006224135135025
1788.0,1.9578553796382403,6.001086572584366
1789.0,1.9578639451766535,6.001550594139577
1790.0,1.957872505042866,6.002014478267793
1791.0,1.9578810591967448,6.00247822505751
1792.0,1.9578896075982277,6.00294183459706
1793.0,1.9578981502073234,6.003405306974611
1794.0,1.9579066869841106,6.003868642278171
1795.0,1.957915217888739,6.004331840595585
1796.0,1.9579237428814276,6.004794902014537
1797.0,1.9579322619224662,6.005257826622551
1798.0,1.9579407749722142,6.005720614506988
1799.0,1.9579492819911004,6.00618326575505
1800.0,1.9579577829396237,6.00664578045378
1801.0,1.957966277778352,6.007108158690058
1802.0,1.9579747664679223,6.007570400550609
1803.0,1.9579832489690412,6.008032506121996
1804.0,1.9579917252424839,6.008494475490624
1805.0,1.9580001952490942,6.008956308742742
1806.0,1.9580086589497847,6.009418005964437
1807.0,1.9580171163055367,6.009879567241642
1808.0,1.9580255672773992,6.01034099266013
1809.0,1.9580340118264898,6.01080228230552
1810.0,1.9580424499139943,6.011263436263273
1811.0,1.958050881501166,6.011724454618693
1812.0,1.9580593065493255,6.012185337456929
1813.0,1.9580677250198617,6.012646084862975
1814.0,1.9580761368742305,6.013106696921668
1815.0,1.9580845420739554,6.013567173717694
1816.0,1.9580929405806264,6.01402751533558
1817.0,1.958101332355901,6.014487721859702
1818.0,1.9581097173615027,6.01494779337428
1819.0,1.9581180955592228,6.015407729963384
1820.0,1.9581264669109182,6.015867531710926
1821.0,1.9581348313785125,6.016327198700669
1822.0,1.9581431889239955,6.0167867310162215
1823.0,1.958151539509423,6.017246128741042
1824.0,1.9581598830969162,6.017705391958435
1825.0,1.958168219648663,6.018164520751554
1826.0,1.958176549126916,6.018623515203402
1827.0,1.9581848714939942,6.019082375396832
1828.0,1.958193186712281,6.019541101414544
1829.0,1.9582014947442257,6.01999969333909
1830.0,1.958209795552342,6.020458151252871
1831.0,1.9582180890992091,6.02091647523814
1832.0,1.9582263753474705,6.0213746653769995
1833.0,1.9582346542598343,6.021832721751403
1834.0,1.9582429257990734,6.022290644443157
1835.0,1.9582511899280246,6.022748433533918
1836.0,1.958259446609589,6.023206089105195
1837.0,1.958267695806732,6.0236636112383515
1838.0,1.9582759374824825,6.024121000014601
1839.0,1.9582841715999335,6.024578255515011
1840.0,1.958292398122241,6.025035377820503
1841.0,1.9583006170126254,6.025492367011851
1842.0,1.9583088282343695,6.025949223169685
1843.0,1.9583170317508196,6.026405946374489
1844.0,1.9583252275253853,6.026862536706599
1845.0,1.9583334155215388,6.027318994246208
1846.0,1.9583415957028154,6.027775319073365
1847.0,1.9583497680328124,6.0282315112679745
1848.0,1.95835793247519,6.028687570909795
1849.0,1.9583660889936712,6.029143498078442
1850.0,1.95837423755204,6.02959929285339
1851.0,1.9583823781141438,6.030054955313966
1852.0,1.958390510643891,6.0305104855393585
1853.0,1.9583986351052523,6.03096588360861
1854.0,1.9584067514622596,6.031421149600624
1855.0,1.9584148596790067,6.031876283594159
1856.0,1.958422959719649,6.0323312856678335
1857.0,1.9584310515484025,6.032786155900125
1858.0,1.958439135129545,6.033240894369368
1859.0,1.9584472104274147,6.03369550115376
1860.0,1.958455277406411,6.034149976331355
1861.0,1.958463336030994,6.034604319980066
1862.0,1.9584713862656844,6.035058532177671
1863.0,1.9584794280750633,6.035512613001804
1864.0,1.958487461423772,6.0359665625299606
1865.0,1.958495486276512,6.036420380839499
1866.0,1.9585035025980453,6.036874068007639
1867.0,1.9585115103531934,6.03732762411146
1868.0,1.9585195095068375,6.037781049227904
1869.0,1.9585275000239188,6.0382343434337775
1870.0,1.958535481869438,6.038687506805747
1871.0,1.9585434550084548,6.039140539420343
1872.0,1.9585514194060887,6.039593441353959
1873.0,1.958559375027518,6.040046212682852
1874.0,1.9585673218379804,6.040498853483143
1875.0,1.958575259802772,6.040951363830818
1876.0,1.9585831888872476,6.041403743801724
1877.0,1.9585911090568213,6.041855993471576
1878.0,1.9585990202769654,6.042308112915952
1879.0,1.9586069225132103,6.0427601022102975
1880.0,1.958614815731145,6.043211961429921
1881.0,1.958622699896416,6.043663690649998
1882.0,1.9586305749747288,6.0441152899455695
1883.0,1.958638440931846,6.044566759391544
1884.0,1.9586462977335881,6.045018099062696
1885.0,1.9586541453458335,6.045469309033665
1886.0,1.9586619837345178,6.045920389378962
1887.0,1.9586698128656341,6.0463713401729615
1888.0,1.9586776327052327,6.046822161489908
1889.0,1.9586854432194207,6.047272853403913
1890.0,1.958693244374363,6.0477234159889575
1891.0,1.9587010361362807,6.04817384931889
1892.0,1.9587088184714518,6.048624153467428
1893.0,1.958716591346211,6.049074328508159
1894.0,1.9587243547269495,6.04952437451454
1895.0,1.9587321085801148,6.049974291559896
1896.0,1.9587398528722106,6.050424079717423
1897.0,1.958747587569797,6.050873739060189
1898.0,1.95875531263949,6.051323269661131
1899.0,1.9587630280479615,6.0517726715930555
1900.0,1.958770733761939,6.052221944928642
1901.0,1.958778429748206,6.052671089740442
1902.0,1.958786115973601,6.053120106100876
1903.0,1.9587937924050185,6.05356899408224
1904.0,1.9588014590094078,6.054017753756699
1905.0,1.958809115753774,6.054466385196291
1906.0,1.9588167626051765,6.054914888472929
1907.0,1.9588243995307302,6.055363263658397
1908.0,1.9588320264976045,6.055811510824353
1909.0,1.9588396434730238,6.0562596300423275
1910.0,1.9588472504242667,6.056707621383726
1911.0,1.9588548473186667,6.057155484919828
1912.0,1.9588624341236112,6.057603220721787
1913.0,1.9588700108065422,6.058050828860631
1914.0,1.9588775773349558,6.0584983094072635
1915.0,1.9588851336764017,6.058945662432462
1916.0,1.958892679798484,6.059392888006881
1917.0,1.9589002156688604,6.05983998620105
1918.0,1.958907741255242,6.060286957085373
1919.0,1.9589152565253936,6.060733800730133
1920.0,1.9589227614471336,6.061180517205486
1921.0,1.9589302559883335,6.061627106581468
1922.0,1.958937740116918,6.06207356892799
1923.0,1.958945213800865,6.062519904314841
1924.0,1.9589526770082053,6.062966112811687
1925.0,1.9589601297070225,6.063412194488073
1926.0,1.9589675718654531,6.063858149413421
1927.0,1.9589750034516862,6.06430397765703
1928.0,1.958982424433963,6.06474967928808
1929.0,1.958989834780578,6.065195254375628
1930.0,1.9589972344598772,6.0656407029886115
1931.0,1.9590046234402587,6.066086025195846
1932.0,1.9590120016901733,6.066531221066026
1933.0,1.9590193691781235,6.0669762906677285
1934.0,1.9590267258726635,6.067421234069407
1935.0,1.9590340717423993,6.067866051339398
1936.0,1.9590414067559887,6.0683107425459175
1937.0,1.959048730882141,6.068755307757063
1938.0,1.9590560440896163,6.069199747040811
1939.0,1.959063346347227,6.069644060465022
1940.0,1.9590706376238358,6.070088248097436
1941.0,1.959077917888357,6.070532310005676
1942.0,1.9590851871097559,6.0709762462572465
1943.0,1.9590924452570482,6.071420056919535
1944.0,1.959099692299301,6.07186374205981
1945.0,1.9591069282056313,6.072307301745223
1946.0,1.9591141529452072,6.07275073604281
1947.0,1.959121366487247,6.0731940450194895
1948.0,1.9591285688010198,6.073637228742063
1949.0,1.959135759855844,6.0740802872772175
1950.0,1.959142939621089,6.074523220691521
1951.0,1.9583981843453915,6.074965434378289
1952.0,1.9576535306524234,6.075406336454906
1953.0,1.956908976819664,6.075845930932991
1954.0,1.9561645211324448,6.076284221807371
1955.0,1.9554201618838996,6.076721213056183
1956.0,1.954675897374914,6.077156908640982
1957.0,1.9539317259140772,6.077591312506836
1958.0,1.9531876458176312,6.078024428582436
1959.0,1.9524436554094233,6.078456260780191
1960.0,1.9516997530208582,6.07888681299633
1961.0,1.9509559369908487,6.079316089110998
1962.0,1.9502122056657694,6.079744092988361
1963.0,1.949468557399409,6.080170828476698
1964.0,1.948724990552924,6.0805962994085005
1965.0,1.9479815034947916,6.081020509600568
1966.0,1.9472380946007644,6.081443462854101
1967.0,1.9464947622538245,6.081865162954801
1968.0,1.945751504844138,6.082285613672961
1969.0,1.9450083207690108,6.082704818763558
1970.0,1.944265208432843,6.083122781966347
1971.0,1.9435221662470852,6.083539507005953
1972.0,1.9427791926301952,6.0839549975919605
1973.0,1.9420362860075935,6.084369257419007
1974.0,1.941293444811621,6.084782290166869
1975.0,1.9405506674814952,6.085194099500554
1976.0,1.9398079524632688,6.0856046890703865
1977.0,1.9390652982097865,6.086014062512098
1978.0,1.938322703180644,6.086422223446912
1979.0,1.9375801658421463,6.086829175481632
1980.0,1.9368376846672661,6.087234922208724
1981.0,1.9360952581356032,6.087639467206407
1982.0,1.935352884733344,6.088042814038733
1983.0,1.9346105629532218,6.088444966255673
1984.0,1.9338682912944754,6.088845927393197
1985.0,1.933126068262811,6.089245700973362
1986.0,1.9323838923703627,6.089644290504389
1987.0,1.9316417621356523,6.0900416994807465
1988.0,1.930899676083552,6.09043793138323
1989.0,1.9301576327452452,6.090832989679043
1990.0,1.929415630658189,6.091226877821878
1991.0,1.9286736683660761,6.091619599251992
1992.0,1.9279317444187967,6.0920111573962865
1993.0,1.9271898573724022,6.092401555668387
1994.0,1.926448005789068,6.092790797468715
1995.0,1.9257061882370565,6.093178886184572
1996.0,1.924964403290681,6.0935658251902085
1997.0,1.9242226495302692,6.093951617846904
1998.0,1.9234809255421284,6.0943362675030395
1999.0,1.9227392299185087,6.0947197774941735
2000.0,1.9219975612575684,6.095102151143114
2001.0,1.9212559181633388,6.095483391759993
2002.0,1.9205142992456896,6.09586350264234
2003.0,1.9197727031202945,6.096242487075151
2004.0,1.9190311284085961,6.096620348330965
2005.0,1.9182895737377734,6.096997089669929
2006.0,1.9175480377407068,6.097372714339875
2007.0,1.9168065190559451,6.097747225576387
2008.0,1.9160650163276725,6.098120626602868
2009.0,1.9153235282056753,6.098492920630614
2010.0,1.9145820533453097,6.09886411085888
2011.0,1.9138405904074685,6.099234200474949
2012.0,1.9130991380585494,6.099603192654197
2013.0,1.912357694970423,6.099971090560163
2014.0,1.9116162598204012,6.100337897344616
2015.0,1.9108748312912052,6.1007036161476185
2016.0,1.9101334080709345,6.101068250097594
2017.0,1.9093919888530362,6.101431802311392
2018.0,1.9086505723362734,6.101794275894352
2019.0,1.9079091572246953,6.102155673940367
2020.0,1.9071677422276065,6.102515999531951
2021.0,1.906426326059537,6.102875255740297
2022.0,1.9056849074402122,6.103233445625346
2023.0,1.9049434850945233,6.103590572235842
2024.0,1.9042020577524974,6.103946638609402
2025.0,1.9034606241492689,6.104301647772571
2026.0,1.90271918302505,6.104655602740887
2027.0,1.9019777331251022,6.105008506518939
2028.0,1.9012362731997074,6.10536036210043
2029.0,1.9004948020041394,6.105711172468235
2030.0,1.8997533182986361,6.10606094059446
2031.0,1.899011820848371,6.106409669440505
2032.0,1.8982703084234258,6.106757361957116
2033.0,1.8975287797987626,6.107104021084447
2034.0,1.8967872337541964,6.107449649752118
2035.0,1.8960456690743686,6.107794250879271
2036.0,1.8953040845487188,6.108137827374629
2037.0,1.8945624789714592,6.108480382136549
2038.0,1.893820851141547,6.108821918053082
2039.0,1.8930791998626586,6.109162438002025
2040.0,1.8923375239431632,6.1095019448509795
2041.0,1.8915958221960967,6.109840441457405
2042.0,1.8908540934391358,6.110177930668673
2043.0,1.8901123364945727,6.110514415322124
2044.0,1.889370550189289,6.110849898245116
2045.0,1.888628733354731,6.111184382255084
2046.0,1.8878868848268837,6.11151787015959
2047.0,1.8871450034462474,6.111850364756374
2048.0,1.8864030880578113,6.11218186883341
2049.0,1.88566113751103,6.112512385168957
2050.0,1.8849191506597982,6.112841916531608
2051.0,1.8841771263624274,6.113170465680345
2052.0,1.883435063481621,6.113498035364586
2053.0,1.8826929608844511,6.113824628324239
2054.0,1.8819508174423345,6.114150247289752
2055.0,1.8812086320310086,6.114474894982159
2056.0,1.8804664035305088,6.114798574113135
2057.0,1.879724130825145,6.115121287385041
2058.0,1.878981812803478,6.115443037490975
2059.0,1.878239448358298,6.115763827114818
2060.0,1.8774970363866001,6.116083658931286
2061.0,1.8767545757895632,6.1164025356059755
2062.0,1.876012065472526,6.116720459795411
2063.0,1.8752695043449665,6.1170374341470914
2064.0,1.8745268913204787,6.117353461299541
2065.0,1.8737842253167507,6.117668543882352
2066.0,1.8730415052555438,6.117982684516229
2067.0,1.8722987300626697,6.118295885813041
2068.0,1.8715558986679695,6.118608150375865
2069.0,1.8708130100052924,6.1189194807990255
2070.0,1.8700700630124747,6.119229879668148
2071.0,1.8693270566313183,6.119539349560199
2072.0,1.8685839898075696,6.119847893043531
2073.0,1.8678408614908997,6.120155512677926
2074.0,1.8670976706348825,6.120462211014643
2075.0,1.8663544161969756,6.120767990596456
2076.0,1.8656110971384985,6.121072853957701
2077.0,1.8648677124246136,6.121376803624317
2078.0,1.8641242610243054,6.121679842113892
2079.0,1.863380741910361,6.1219819719357
2080.0,1.8626371540593498,6.122283195590747
2081.0,1.8618934964516047,6.1225835155718125
2082.0,1.8611497680712017,6.12288293436349
2083.0,1.8604059679059408,6.1231814544422285
2084.0,1.8596620949473268,6.1234790782763735
2085.0,1.8589181481905506,6.123775808326207
2086.0,1.8581741266344691,6.12407164704399
2087.0,1.8574300292815877,6.124366596874
2088.0,1.8566858551380405,6.124660660252574
2089.0,1.8559416032135723,6.124953839608144
2090.0,1.8551972725215196,6.125246137361281
2091.0,1.8544528620787926,6.125537555924731
2092.0,1.8537083709058568,6.125828097703454
2093.0,1.8529637980267153,6.126117765094663
2094.0,1.8522191424688903,6.126406560487864
2095.0,1.8514744032634054,6.126694486264894
2096.0,1.8507295794447678,6.126981544799953
2097.0,1.8499846700509506,6.127267738459651
2098.0,1.8492396741233759,6.127553069603037
2099.0,1.8484945907068964,6.127837540581641
2100.0,1.847749418849779,6.128121153739511
2101.0,1.847004157603687,6.128403911413246
2102.0,1.846258806023664,6.128685815932034
2103.0,1.8455133631681153,6.128966869617691
2104.0,1.8447678280987927,6.1292470747846926
2105.0,1.844022199880777,6.129526433740213
2106.0,1.843276477582462,6.129804948784158
2107.0,1.8425306602755365,6.130082622209201
2108.0,1.8417847470349702,6.13035945630082
2109.0,1.8410387369389956,6.1306354533373275
2110.0,1.8402926290690924,6.130910615589912
2111.0,1.839546422509972,6.131184945322665
2112.0,1.8388001163495606,6.131458444792621
2113.0,1.838053709678984,6.131731116249788
2114.0,1.8373072015925516,6.132002961937182
2115.0,1.836560591187741,6.132273984090862
2116.0,1.8358138775651822,6.132544184939958
2117.0,1.8350670598286423,6.1328135667067105
2118.0,1.83432013708501,6.133082131606502
2119.0,1.8335731084442808,6.1333498818478835
2120.0,1.8328259730195413,6.133616819632616
2121.0,1.8320787299269545,6.133882947155696
2122.0,1.831331378285745,6.13414826660539
2123.0,1.830583917218184,6.134412780163266
2124.0,1.829836345849574,6.1346764900042245
2125.0,1.8290886633082355,6.134939398296531
2126.0,1.828340868725491,6.135201507201845
2127.0,1.8275929612356514,6.135462818875255
2128.0,1.8268449399760016,6.135723335465304
2129.0,1.826096804086786,6.135983059114024
2130.0,1.8253485527111941,6.136241991956966
2131.0,1.824600184995347,6.136500136123228
2132.0,1.8238517000882832,6.1367574937354865
2133.0,1.8231030971419444,6.137014066910026
2134.0,1.822354375311162,6.137269857756768
2135.0,1.821605533753643,6.137524868379303
2136.0,1.820856571629957,6.1377791008749165
2137.0,1.8201074881035222,6.13803255733462
2138.0,1.819358282340592,6.138285239843179
2139.0,1.8186089535102417,6.1385371504791415
2140.0,1.817859500784355,6.138788291314868
2141.0,1.8171099233376113,6.139038664416558
2142.0,1.816360220347472,6.13928827184428
2143.0,1.8156103909941677,6.139537115651997
2144.0,1.8148604344606851,6.139785197887597
2145.0,1.8141103499327549,6.140032520592918
2146.0,1.8133601365988377,6.140279085803778
2147.0,1.8126097936501124,6.1405248955500005
2148.0,1.8118593202804631,6.140769951855442
2149.0,1.8111087156864665,6.14101425673802
2150.0,1.8103579790673796,6.14125781220974
2151.0,1.8096071096251274,6.141500620276718
2152.0,1.80885610656429,6.141742682939212
2153.0,1.8081049690920916,6.141984002191645
2154.0,1.807353696418387,6.142224580022634
2155.0,1.80660228775565,6.142464418415014
2156.0,1.805850742318962,6.142703519345864
2157.0,1.8050990593259992,6.142941884786532
2158.0,1.8043472379970211,6.143179516702661
2159.0,1.8035952775548587,6.143416417054217
2160.0,1.8028431772249032,6.1436525877955095
2161.0,1.8020909362350934,6.143888030875219
2162.0,1.8013385538159052,6.1441227482364225
2163.0,1.8005860292003397,6.144356741816616
2164.0,1.7998333616239113,6.1445900135477425
2165.0,1.7990805503246372,6.144822565356211
2166.0,1.7983275945430255,6.145054399162928
2167.0,1.7975744935220643,6.145285516883313
2168.0,1.7968212465072106,6.145515920427332
2169.0,1.796067852746379,6.145745611699513
2170.0,1.7953143114899306,6.145974592598973
2171.0,1.7945606219906627,6.146202865019444
2172.0,1.7938067835037974,6.146430430849292
2173.0,1.793052795286971,6.146657291971541
2174.0,1.7922986566002233,6.146883450263901
2175.0,1.7915443667059863,6.147108907598783
2176.0,1.790789924869075,6.147333665843329
2177.0,1.7900353303566758,6.1475577268594295
2178.0,1.789280582438336,6.147781092503751
2179.0,1.7885256803859537,6.148003764627751
2180.0,1.7877706234737678,6.148225745077711
2181.0,1.7870154109783472,6.148447035694747
2182.0,1.7862600421785806,6.148667638314839
2183.0,1.7855045163556669,6.1488875547688515
2184.0,1.7847488327931045,6.1491067868825535
2185.0,1.7839929907766814,6.149325336476641
2186.0,1.7832369895944657,6.1495432053667605
2187.0,1.7824808285367952,6.149760395363526
2188.0,1.7817245068962677,6.149976908272543
2189.0,1.780968023967731,6.15019274589443
2190.0,1.7802113790482739,6.15040791002484
2191.0,1.7794545714372156,6.150622402454476
2192.0,1.7786976004360968,6.15083622496912
2193.0,1.77794046534867,6.1510493793496455
2194.0,1.7771831654808894,6.151261867372045
2195.0,1.7764257001409027,6.151473690807445
2196.0,1.7756680686390407,6.151684851422129
2197.0,1.774910270287808,6.151895350977555
2198.0,1.7741523044018743,6.152105191230381
2199.0,1.7733941702980651,6.1523143739324775
2200.0,1.7726358672953522,6.152522900830953
2201.0,1.7718773947148447,6.1527307736681704
2202.0,1.7711187518797802,6.152937994181769
2203.0,1.7703599381155155,6.15314456410468
2204.0,1.769600952749518,6.1533504851651495
2205.0,1.7688417951113566,6.153555759086758
2206.0,1.768082464532693,6.153760387588434
2207.0,1.7673229603472722,6.153964372384481
2208.0,1.7665632818909156,6.154167715184589
2209.0,1.7658034285015103,6.154370417693857
2210.0,1.7650433995190016,6.154572481612812
2211.0,1.764283194285384,6.154773908637424
2212.0,1.7635228121446933,6.154974700459128
2213.0,1.7627622524429971,6.155174858764842
2214.0,1.7620015145283876,6.155374385236981
2215.0,1.7612405977509722,6.155573281553481
2216.0,1.7604795014628658,6.155771549387813
2217.0,1.7597182250181822,6.155969190409002
2218.0,1.758956767773026,6.156166206281644
2219.0,1.7581951290854847,6.1563625986659245
2220.0,1.7574333083156202,6.156558369217636
2221.0,1.7566713048254607,6.156753519588196
2222.0,1.7559091179789934,6.156948051424661
2223.0,1.7551467471421551,6.157141966369748
2224.0,1.7543841916828258,6.15733526606185
2225.0,1.75362145097082,6.157527952135051
2226.0,1.7528585243778787,6.157720026219147
2227.0,1.7520954112776623,6.15791148993966
2228.0,1.7513321110457423,6.158102344917854
2229.0,1.7505686230595936,6.158292592770753
2230.0,1.7498049466985874,6.158482235111158
2231.0,1.749041081343983,6.1586712735476645
2232.0,1.7482770263789202,6.158859709684673
2233.0,1.7475127811884126,6.159047545122414
2234.0,1.7467483451593389,6.159234781456956
2235.0,1.7459837176804363,6.159421420280225
2236.0,1.7452188981422931,6.1596074631800235
2237.0,1.744453885937341,6.159792911740041
2238.0,1.743688680459848,6.159977767539873
2239.0,1.7429232811059105,6.160162032155036
2240.0,1.7421576872734477,6.1603457071569805
2241.0,1.7413918983621923,6.160528794113112
2242.0,1.7406259137736853,6.160711294586803
2243.0,1.7398597329112675,6.160893210137406
2244.0,1.7390933551800734,6.161074542320273
2245.0,1.738326779987023,6.1612552926867705
2246.0,1.7375600067408163,6.16143546278429
2247.0,1.7367930348519256,6.161615054156267
2248.0,1.736025863732588,6.161794068342197
2249.0,1.7352584927967998,6.161972506877645
2250.0,1.7344909214603088,6.162150371294265
2251.0,1.7337231491406078,6.162327663119813
2252.0,1.7329551752569279,6.162504383878161
2253.0,1.7321869992302315,6.1626805350893115
2254.0,1.731418620483206,6.1628561182694135
2255.0,1.7306500384402574,6.163031134930775
2256.0,1.729881252527503,6.163205586581879
2257.0,1.7291122621727648,6.163379474727394
2258.0,1.7283430668055642,6.163552800868193
2259.0,1.7275736658571141,6.163725566501364
2260.0,1.7268040587603135,6.163897773120225
2261.0,1.7260342449497401,6.164069422214337
2262.0,1.725264223861645,6.164240515269519
2263.0,1.7244939949339455,6.164411053767861
2264.0,1.7237235576062195,6.164581039187738
2265.0,1.7229529113196986,6.164750473003822
2266.0,1.7221820555172622,6.164919356687098
2267.0,1.7214109896434313,6.1650876917048745
2268.0,1.7206397131443625,6.165255479520799
2269.0,1.7198682254678415,6.165422721594871
2270.0,1.7190965260632771,6.165589419383453
2271.0,1.7183246143816957,6.165755574339285
2272.0,1.7175524898757342,6.1659211879115
2273.0,1.716780151999635,6.16608626154563
2274.0,1.7160076002092401,6.166250796683627
2275.0,1.715234833961984,6.16641479476387
2276.0,1.7144618527168891,6.166578257221182
2277.0,1.713688655934559,6.166741185486836
2278.0,1.712915243077173,6.166903580988574
2279.0,1.7121416136084808,6.1670654451506195
2280.0,1.711367766993796,6.167226779393684
2281.0,1.71059370269999,6.167387585134985
2282.0,1.7098194201954882,6.167547863788254
2283.0,1.709044918950262,6.167707616763754
2284.0,1.7082701984358246,6.167866845468287
2285.0,1.7074952581252254,6.168025551305206
2286.0,1.7067200974930437,6.168183735674431
2287.0,1.7059447160153833,6.168341399972457
2288.0,1.7051691131698679,6.168498545592368
2289.0,1.7043932884356343,6.168655173923848
2290.0,1.7036172412933281,6.168811286353192
2291.0,1.7028409712250974,6.168966884263318
2292.0,1.702064477714588,6.169121969033781
2293.0,1.7012877602469378,6.16927654204078
2294.0,1.7005108183087716,6.169430604657175
2295.0,1.6997336513881955,6.169584158252493
2296.0,1.6989562589747922,6.169737204192943
2297.0,1.6981786405596149,6.169889743841424
2298.0,1.6974007956351826,6.170041778557541
2299.0,1.6966227236954756,6.170193309697612
2300.0,1.6958444242359287,6.170344338614679
