t,V,V_sum,sea_level,sea_level_cumulative
2020.0,184423827.54999718,184423827.54999718,0.0004672861569158973,0.0004672861569158973
2020.25,183907678.95154175,368331506.50153893,0.00046597835901269856,0.0009332645159285959
2020.5,183393076.88105726,551724583.3825963,0.0004646744796438981,0.001397938995572494
2020.75,182880017.22384125,734604600.6064374,0.0004633745083838175,0.0018613135039563114
2021.0,182368495.87486848,916973096.481306,0.0004620784348312983,0.00232339193878761
2021.25,181858508.73875952,1098831605.2200656,0.000460786248609622,0.002784178187397232
2021.5,181350051.72976544,1280181656.949831,0.0004594979393664719,0.0032436761267637037
2021.75,180843120.77175647,1461024777.7215874,0.0004582134967739035,0.0037018896235376073
2022.0,180337711.79818723,1641362489.5197747,0.00045693291052825713,0.004158822534065864
2022.25,179833820.75210038,1821196310.2718751,0.00045565617035016695,0.004614478704416031
2022.5,179331443.58608106,2000527753.8579562,0.0004543832659844454,0.005068861970400476
2022.75,178830576.26225927,2179358330.1202154,0.00045311418720008937,0.005521976157600566
2023.0,178331214.7522827,2357689544.872498,0.00045184892379021135,0.005973825081390777
2023.25,177833355.03729185,2535522899.90979,0.0004505874655719762,0.006424412546962754
2023.5,177336993.10791308,2712859893.017703,0.00044932980238658393,0.006873742349349338
2023.75,176842124.964238,2889702017.981941,0.0004480759240992171,0.007321818273448555
2024.0,176348746.61579305,3066050764.5977345,0.0004468258205989638,0.007768644094047519
2024.25,175856854.08153442,3241907618.679269,0.0004455794817988051,0.008214223575846323
2024.5,175366443.3898234,3417274062.0690923,0.00044433689763555224,0.008658560473481876
2024.75,174877510.57841069,3592151572.647503,0.0004430980580698069,0.009101658531551683
2025.0,174390051.6944127,3766541624.3419156,0.0004418629530859014,0.009543521484637585
2025.25,173904062.7942999,3940445687.1362157,0.0004406315726918689,0.009984153057329453
2025.5,173419539.94386923,4113865227.080085,0.00043940390691937374,0.010423556964248827
2025.75,172936479.21824485,4286801706.29833,0.00043817994582371315,0.01086173691007254
2026.0,172454876.70182994,4459256583.00016,0.0004369596794836951,0.011298696589556236
2026.25,171974728.4883186,4631231311.488479,0.00043574309800166873,0.011734439687557904
2026.5,171496030.680656,4802727342.169135,0.00043453019150342307,0.012168969879061327
2026.75,171018779.39103305,4973746121.560168,0.0004333209501381738,0.012602290829199501
2027.0,170542970.74086827,5144289092.301037,0.0004321153640785169,0.013034406193278019
2027.25,170068600.8607767,5314357693.161814,0.00043091342352035046,0.01346531961679837
2027.5,169595665.89056358,5483953359.052378,0.0004297151186828581,0.013895034735481227
2027.75,169124161.97920603,5653077521.031584,0.00042852043980846287,0.014323555175289689
2028.0,168654085.28482893,5821731606.316413,0.0004273293771627662,0.014750884552452456
2028.25,168185431.974702,5989917038.291115,0.00042614192103454025,0.015177026473486996
2028.5,167718198.22519445,6157635236.51631,0.00042495806173561317,0.015601984535222609
2028.75,167252380.22178337,6324887616.738093,0.0004237777896008903,0.0160257623248235
2029.0,166787974.15902564,6491675590.897119,0.000422601094988283,0.016448363419811783
2029.25,166324976.2405387,6658000567.137657,0.0004214279682786598,0.016869791388090444
2029.5,165863382.67898563,6823863949.816643,0.0004202583998758093,0.017290049787966253
2029.75,165403189.6960618,6989267139.512705,0.0004190923802064048,0.017709142168172657
2030.0,164944393.5224617,7154211533.035167,0.0004179298997199223,0.018127072067892578
2030.25,164486990.39788345,7318698523.43305,0.00041677094888864985,0.018543843016781227
2030.5,164030976.5709976,7482729500.004047,0.0004156155182076104,0.018959458534988836
2030.75,163576348.299427,7646305848.303474,0.0004144635981945094,0.019373922133183345
2031.0,163123101.84973776,7809428950.153213,0.0004133151793897123,0.019787237312573057
2031.25,162671233.4974175,7972100183.65063,0.00041217025235619004,0.02019940756492925
2031.5,162220739.52686796,8134320923.177498,0.00041102880767949926,0.02061043637260875
2031.75,161771616.23136353,8296092539.408861,0.00040989083596767816,0.021020327208576425
2032.0,161323859.91306418,8457416399.321925,0.00040875632785127876,0.021429083536427702
2032.25,160877466.88297784,8618293866.204903,0.0004076252739832717,0.021836708810410974
2032.5,160432433.46094242,8778726299.665846,0.0004064976650390008,0.022243206475449976
2032.75,159988755.97562456,8938715055.64147,0.0004053734917161795,0.022648579967166155
2033.0,159546430.76449102,9098261486.40596,0.0004042527447348191,0.023052832711900974
2033.25,159105454.17379206,9257366940.579752,0.00040313541483718565,0.02345596812673816
2033.5,158665822.55855,9416032763.138302,0.0004020214927877721,0.02385798961952593
2033.75,158227532.2825275,9574260295.42083,0.0004009109693732169,0.024258900588899148
2034.0,157790579.71823412,9732050875.139065,0.0003998038354023212,0.02465870442430147
2034.25,157354961.24689263,9889405836.385958,0.00039870008170596354,0.025057404506007432
2034.5,156920673.25842407,10046326509.644382,0.0003975996991370615,0.025455004205144495
2034.75,156487712.15143198,10202814221.795815,0.00039650267857053225,0.025851506883715028
2035.0,156056074.33319366,10358870296.129007,0.0003954090109032702,0.0262469158946183
2035.25,155625756.21962506,10514496052.348633,0.00039431868705405796,0.026641234581672356
2035.5,155196754.23528615,10669692806.58392,0.00039323169796358007,0.027034466279635936
2035.75,154769064.81335017,10824461871.39727,0.00039214803459434506,0.027426614314230283
2036.0,154342684.39558655,10978804555.792856,0.00039106768793064224,0.027817682002160924
2036.25,153917609.4323474,11132722165.225204,0.00038999064897850705,0.02820767265113943
2036.5,153493836.3825585,11286216001.607763,0.0003889169087656992,0.028596589559905128
2036.75,153071361.7136853,11439287363.32145,0.0003878464583416153,0.028984436018246743
2037.0,152650181.90173715,11591937545.223186,0.0003867792887773004,0.029371215307024044
2037.25,152230293.4312328,11744167838.654419,0.0003857153911653604,0.029756930698189403
2037.5,151811692.7951939,11895979531.449614,0.0003846547566199455,0.03014158545480935
2037.75,151394376.49512446,12047373907.944738,0.0003835973762766982,0.030525182831086045
2038.0,150978341.0409915,12198352248.98573,0.000382543241292704,0.03090772607237875
2038.25,150563582.9512251,12348915831.936954,0.00038149234284649223,0.031289218415225244
2038.5,150150098.75267896,12499065930.689634,0.0003804446721379354,0.03166966308736318
2038.75,149737884.9806276,12648803815.670261,0.0003794002203882423,0.032049063307751424
2039.0,149326938.17874604,12798130753.849007,0.0003783589788399069,0.03242742228659133
2039.25,148917254.89910105,12947048008.748108,0.0003773209387566855,0.032804743225348015
2039.5,148508831.70211974,13095556840.450228,0.00037628609142351777,0.03318102931677153
2039.75,148101665.1565874,13243658505.606815,0.0003752544281465209,0.03355628374491806
2040.0,147695751.83962542,13391354257.446442,0.00037422594025293395,0.033930509685170994
2040.25,147291088.33667332,13538645345.783115,0.00037320061909107183,0.03430371030426207
2040.5,146887671.24147516,13685533017.024591,0.00037217845603029157,0.03467588876029236
2040.75,146485497.15606868,13832018514.18066,0.000371159442460964,0.035047048202753325
2041.0,146084562.69075397,13978103076.871414,0.0003701435697943953,0.03541719177254772
2041.25,145684864.4640967,14123787941.33551,0.000369130829462834,0.035786322602010555
2041.5,145286399.10289595,14269074340.438406,0.00036812121291939073,0.036154443814929944
2041.75,144889163.24217653,14413963503.680582,0.0003671147116380179,0.036521558526567965
2042.0,144493153.5251687,14558456657.205751,0.00036611131711345856,0.03688766984368142
2042.25,144098326.09867108,14702554983.304422,0.00036511091823212074,0.037252780761913545
2042.5,143704142.06449804,14846259125.368921,0.0003641121495540529,0.037616892911467595
2042.75,143310423.71368057,14989569549.082602,0.0003631145608069541,0.03798000747227455
2043.0,142917161.63838983,15132486710.720991,0.0003621181281536216,0.03834212560042817
2043.25,142524346.35178605,15275011057.072777,0.0003611228275566576,0.03870324842798483
2043.5,142131968.28643912,15417143025.359217,0.00036012863477446756,0.0390633770627593
2043.75,141740017.79266855,15558883043.151886,0.00035913552535705415,0.039422512588116354
2044.0,141348485.13686675,15700231528.288754,0.00035814347464176844,0.03978065606275812
2044.25,140957360.49978495,15841188888.788538,0.0003571524577489674,0.04013780852050709
2044.5,140566633.9747786,15981755522.763317,0.00035616244957756754,0.04049397097008466
2044.75,140176295.56601033,16121931818.329327,0.0003551734248004924,0.040849144394885156
2045.0,139786335.18660298,16261718153.51593,0.0003541853578599919,0.04120332975274515
2045.25,139396742.65676886,16401114896.172699,0.00035319822296290285,0.04155652797570805
2045.5,139007507.7018847,16540122403.874584,0.00035221199407577136,0.04190873996978382
2045.75,138618619.95051387,16678741023.825098,0.0003512266449198416,0.042259966614703666
2046.0,138230068.93240353,16816971092.757502,0.00035024214896598057,0.042610208763669645
2046.25,137841844.07640323,16954812936.833904,0.0003492584794294049,0.04295946724309905
2046.5,137453934.7083759,17092266871.54228,0.00034827560926438774,0.04330774285236344
2046.75,137066330.04901978,17229333201.5913,0.0003472935111587397,0.04365503636352218
2047.0,136679019.21165085,17366012220.80295,0.00034631215752819024,0.04400134852105037
2047.25,136291991.19994637,17502304212.0029,0.00034533152051067063,0.044346680041561046
2047.5,135905234.9056221,17638209446.90852,0.0003443515719604279,0.044691031613521476
2047.75,135518739.106048,17773728186.01457,0.00034337228344198445,0.04503440389696346
2048.0,135132492.46181604,17908860678.476383,0.00034239362622397456,0.045376797523187434
2048.25,134746483.5142393,18043607161.990623,0.00034141557127280843,0.045718213094460246
2048.5,134360700.68280542,18177967862.673428,0.0003404380892462194,0.046058651183706466
2048.75,133975132.26254022,18311942994.935966,0.0003394611504865843,0.046398112334193053
2049.0,133589766.42134139,18445532761.357307,0.00033848472501416725,0.04673659705920722
2049.25,133204591.19720517,18578737352.554512,0.0003375087825200932,0.04707410584172731
2049.5,132819594.49542227,18711556947.049934,0.0003365332923592426,0.04741063913408655
2049.75,132434764.0856745,18843991711.13561,0.0003355582235428953,0.047746197357629444
2050.0,132050087.59907268,18976041798.73468,0.0003345835447312253,0.04808078090236067
2050.25,131665552.52512017,19107707351.2598,0.0003336092242256067,0.04841439012658628
2050.5,131281146.20858324,19238988497.468384,0.00033263522996068425,0.048747025356546965
2050.75,130896855.84630169,19369885353.314686,0.0003316615294962923,0.049078686886043256
2051.0,130512668.48390105,19500398021.798588,0.0003306880900091242,0.04940937497605238
2051.25,130128571.01242761,19630526592.811016,0.00032971487828420605,0.04973908985433658
2051.5,129744550.16489519,19760271142.97591,0.0003287418607061474,0.05006783171504273
2051.75,129360592.51274228,19889631735.48865,0.00032776900325016413,0.05039560071829289
2052.0,128976684.46218204,20018608419.950832,0.00032679627147283056,0.05072239698976572
2052.25,128592812.25048499,20147201232.201317,0.00032582363050266043,0.05104822062026838
2052.5,128208961.94213137,20275410194.143448,0.00032485104503035794,0.05137307166529873
2052.75,127825046.38747923,20403235240.530926,0.00032387829423943863,0.05169694995953817
2053.0,127440436.24047671,20530675676.771404,0.0003229037835165498,0.05201985374305472
2053.25,127055051.09319165,20657730727.864597,0.0003219273091270977,0.05234178105218182
2053.5,126668870.1488818,20784399598.013477,0.0003209488183770791,0.052662729870558894
2053.75,126281872.32776009,20910681470.341236,0.0003199682578553224,0.05298269812841422
2054.0,125894036.26081848,21036575506.602055,0.0003189855734178389,0.05330168370183206
2054.25,125505340.2835224,21162080846.88558,0.00031800071017184584,0.053619684412003904
2054.5,125115762.42930405,21287196609.31488,0.00031701361245928,0.05393669802446319
2054.75,124725280.42291342,21411921889.737793,0.0003160242238399509,0.05425272224830314
2055.0,124333871.67355596,21536255761.41135,0.00031503248707415296,0.05456775473537729
2055.25,123941513.26788114,21660197274.67923,0.00031403834410490065,0.05488179307948219
2055.5,123548181.96276173,21783745456.64199,0.0003130417360396324,0.05519483481552182
2055.75,123153854.17787547,21906899310.819866,0.0003120426031314148,0.05550687741865323
2056.0,122758505.98808865,22029657816.807957,0.00031104088475964386,0.05581791830341288
2056.25,122362113.11563802,22152019929.923595,0.0003100365194102364,0.056127954822823116
2056.5,121964650.92207146,22273984580.845665,0.0003090294446552093,0.05643698426747833
2056.75,121566094.4000002,22395550675.245667,0.0003080195971317815,0.05674500386461011
2057.0,121166418.16458559,22516717093.41025,0.0003070069125208037,0.05705201077713091
2057.25,120765596.44481367,22637482689.855064,0.00030599132552465013,0.057358002102655556
2057.5,120363603.07450387,22757846292.92957,0.0003049727698444368,0.057662974872499995
2057.75,119960411.48306932,22877806704.41264,0.00030395117815661013,0.057966926050656606
2058.0,119555994.68602113,22997362699.09866,0.0003029264820888873,0.05826985253274549
2058.25,119150325.27518797,23116513024.373848,0.00030189861219547464,0.05857175114494097
2058.5,118743375.40865326,23235256399.7825,0.0003008674979315713,0.05887261864287254
2058.75,118335116.80040501,23353591516.582905,0.00029983306762714423,0.05917245171049969
2059.0,117925520.70968795,23471517037.29259,0.00029879524845994866,0.05947124695895964
2059.25,117514557.93002696,23589031595.22262,0.0002977539664277167,0.05976900092538735
2059.5,117102198.77794589,23706133794.000565,0.00029670914631957303,0.060065710071706926
2059.75,116688413.08132505,23822822207.08189,0.0002956607116865357,0.06036137078339346
2060.0,116273170.1674361,23939095377.249325,0.0002946085848111995,0.06065597936820466
2060.25,115856438.85060936,24054951816.099934,0.00029355268667648763,0.06094953205488115
2060.5,115438187.41951008,24170390003.519444,0.00029249293693341295,0.06124202499181456
2060.75,115018383.62405479,24285408387.143497,0.0002914292538679271,0.06153345424568249
2061.0,114596994.6619076,24400005381.805405,0.00029036155436670537,0.0618238158000492
2061.25,114173987.16456309,24514179368.969967,0.0002892897538818838,0.06211310555393108
2061.5,113749327.18301134,24627928696.152977,0.0002882137663947382,0.06240131932032582
2061.75,113322980.17293443,24741251676.325912,0.00028713350437817526,0.06268845282470399
2062.0,112894910.97945037,24854146587.305363,0.00028604887875807733,0.06297450170346207
2062.25,112465083.82138444,24966611671.126747,0.00028495979887344986,0.06325946150233552
2062.5,112033462.27501842,25078645133.401764,0.0002838661724352457,0.06354332767477076
2062.75,111600009.25733256,25190245142.659096,0.00028276790548390445,0.06382609558025466
2063.0,111164687.00871637,25301409829.667812,0.00028166490234554534,0.06410776048260021
2063.25,110727457.0751013,25412137286.742912,0.000280557065586696,0.0643883175481869
2063.5,110288115.20224263,25522425401.945156,0.0002794438776756344,0.06466776142586253
2063.75,109846096.05570376,25632271498.00086,0.0002783239061892309,0.06494608533205176
2064.0,109401313.37381181,25741672811.374672,0.00027719693256090356,0.06522328226461266
2064.25,108953719.71001768,25850626531.08469,0.00027606283657237104,0.06549934510118503
2064.5,108503266.73540148,25959129797.82009,0.0002749214957696341,0.06577426659695466
2064.75,108049905.21527398,26067179703.035366,0.0002737727854036891,0.06604803938235836
2065.0,107593584.98497958,26174773288.020344,0.00027261657836921883,0.06632065596072757
2065.25,107134254.9249017,26281907542.945244,0.00027145274514126156,0.06659210870586883
2065.5,106671862.93463637,26388579405.87988,0.0002702811537097737,0.06686238985957861
2065.75,106206355.90626597,26494785761.786144,0.00026910166951191113,0.06713149152909052
2066.0,105737679.69675364,26600523441.4829,0.0002679141553620839,0.0673994056844526
2066.25,105265779.09935804,26705789220.582256,0.0002667184713795273,0.06766612415583213
2066.5,104790597.8140925,26810579818.396347,0.000265514474913453,0.06793163863074558
2066.75,104312078.41712512,26914891896.813473,0.0002643020204655158,0.0681959406512111
2067.0,103830162.32913469,27018722059.14261,0.0002630809596096351,0.06845902161082074
2067.25,103344789.78252181,27122066848.92513,0.00026185114090891584,0.06872087275172965
2067.5,102855899.7874833,27224922748.712612,0.00026061240982968887,0.06898148516155934
2067.75,102363430.0968397,27327286178.809452,0.00025936460865239237,0.06924084977021173
2068.0,101867317.16961986,27429153495.979073,0.00025810757637930386,0.06949895734659103
2068.25,101367496.13330658,27530520992.11238,0.00025684114863887953,0.0697557984952299
2068.5,100863900.7447082,27631384892.85709,0.00025556515758661213,0.07001136365281652
2068.75,100356463.34938228,27731741356.20647,0.00025427943180222033,0.07026564308461873
2069.0,99845114.83954738,27831586471.046017,0.00025298379618300703,0.07051862688080174
2069.25,99329784.6104194,27930916255.656437,0.00025167807183322624,0.07077030495263496
2069.5,98810400.51491764,28029726656.171356,0.0002503620759493188,0.07102066702858428
2069.75,98286888.81661218,28128013544.98797,0.00024903562170069216,0.07126970265028497
2070.0,97759174.14089745,28225772719.128864,0.0002476985181060062,0.07151740116839098
2070.25,97227179.42426771,28322999898.55313,0.0002463505699046487,0.07176375173829562
2070.5,96690825.86161913,28419690724.41475,0.0002449915774232121,0.07200874331571883
2070.75,96150032.85147467,28515840757.266224,0.0002436213364367058,0.07225236465215554
2071.0,95604717.93905635,28611445475.20528,0.00024223963802431485,0.07249460429017986
2071.25,95054796.75707075,28706500271.962353,0.0002408462684193649,0.07273545055859922
2071.5,94500182.964124,28801000454.926476,0.00023944100885327997,0.0729748915674525
2071.75,93940788.18062954,28894941243.107105,0.00023802363539318806,0.07321291520284569
2072.0,93376521.92210017,28988317765.029205,0.00023659391877289932,0.07344950912161859
2072.25,92807291.5296858,29081125056.55889,0.00023515162421690474,0.07368466074583549
2072.5,92233002.09782656,29173358058.65672,0.0002336965112570668,0.07391835725709256
2072.75,91653556.39886293,29265011615.055584,0.00023222833354159914,0.07415058559063416
2073.0,91068854.8044609,29356080469.860046,0.00023074683863597665,0.07438133242927013
2073.25,90478795.20368178,29446559265.06373,0.00022925176781534394,0.07461058419708547
2073.5,89883272.91752358,29536442537.98125,0.00022774285584798332,0.07483832705293345
2073.75,89282180.60975087,29625724718.591003,0.00022621983076937915,0.07506454688370283
2074.0,88675408.19381711,29714400126.78482,0.0002246824136463808,0.07528922929734921
2074.25,88062842.73566261,29802462969.520485,0.00022313031833091598,0.07551235961568013
2074.5,87444368.35218549,29889907337.87267,0.00022156325120274026,0.07573392286688288
2074.75,86819866.10512823,29976727203.9778,0.00021998091090057067,0.07595390377778345
2075.0,86189213.89015095,30062916417.86795,0.000218382988041024,0.07617228676582448
2075.25,85552286.32079934,30148468704.18875,0.00021676916492461887,0.0763890559307491
2075.5,84908954.60711226,30233377658.795864,0.00021513911522819636,0.07660419504597729
2075.75,84259086.42854711,30317636745.22441,0.00021349250368294303,0.07681768754966023
2076.0,83602545.80089395,30401239291.025307,0.00021182898573718283,0.07702951653539741
2076.25,82939192.93685794,30484178483.962166,0.00021014820720312652,0.07723966474260054
2076.5,82269290.85041174,30566447774.812576,0.00020845083449568436,0.07744811557709622
2076.75,81597044.1365328,30648044818.94911,0.00020674752105944916,0.07765486309815567
2077.0,80923062.45869213,30728967881.4078,0.00020503981163679059,0.07785990290979246
2077.25,80247293.15918557,30809215174.566986,0.00020332757280559853,0.07806323048259806
2077.5,79569682.51757252,30888784857.08456,0.00020161066845104144,0.07826484115104909
2077.75,78890175.71923724,30967675032.8038,0.00019988895968590782,0.078464730110735
2078.0,78208716.8228064,31045883749.626606,0.00019816230476805028,0.07866289241550305
2078.25,77525248.72636314,31123408998.35297,0.0001964305590147798,0.07885932297451782
2078.5,76839713.13242136,31200248711.48539,0.00019469357471411906,0.07905401654923194
2078.75,76152050.51156881,31276400761.99696,0.00019295120103268252,0.07924696775026463
2079.0,75462200.06475005,31351862962.06171,0.00019120328392011057,0.07943817103418474
2079.25,74770099.68411967,31426633061.74583,0.00018944966600988083,0.07962762070019462
2079.5,74435262.3910926,31501068324.136925,0.0001886012678721276,0.07981622196806674
2079.75,79593558.38218299,31580661882.519108,0.00020167116421867127,0.08001789313228541
2080.0,84801826.37134403,31665463708.890453,0.00021486767773416787,0.08023276081001958
2080.25,90060890.05268195,31755524598.943134,0.00022819289546375948,0.08046095370548334
2080.5,95371594.58512333,31850896193.52826,0.00024164895883934257,0.08070260266432268
2080.75,100734807.3156576,31951631000.843918,0.00025523806551209263,0.08095784072983477
2081.0,106151418.53309914,32057782419.377018,0.00026896247126231826,0.08122680320109708
2081.25,111622342.2534893,32169404761.63051,0.00028282449198948316,0.08150962769308656
2081.5,117148517.038911,32286553278.66942,0.0002968265057868878,0.08180645419887345
2081.75,122730906.85141297,32409284185.520832,0.0003109709551053107,0.08211742515397875
2082.0,128370501.9439265,32537654687.46476,0.0003252603490103796,0.08244268550298914
2082.25,134068319.78986238,32671723007.254623,0.00033969726553794913,0.08278238276852709
2082.5,139825406.05365437,32811548413.308277,0.0003542843541532277,0.08313666712268032
2082.75,145642835.60442582,32957191248.912704,0.0003690243383191674,0.0835056914609995
2083.0,151521713.5746966,33108712962.4874,0.00038392001817897633,0.08388961147917848
2083.25,157463176.46714333,33266176138.954544,0.00039897427336038545,0.08428858575253886
2083.5,163468393.31150877,33429644532.266052,0.0004141900659069825,0.08470277581844585
2083.75,169538566.87462485,33599183099.14068,0.00042957044334412253,0.08513234626178998
2084.0,175674934.92658997,33774858034.06727,0.00044511854188712083,0.0855774648036771
2084.25,181878771.5658802,33956736805.63315,0.00046083758979876914,0.08603830239347587
2084.5,188151388.6070561,34144888194.240204,0.00047673091090545553,0.08651503330438133
2084.75,194494137.03449237,34339382331.274696,0.0004928019282805696,0.0870078352326619
2085.0,200910006.26798368,34540292337.54268,0.0005090582164035363,0.08751689344906544
2085.25,207402161.54576275,34747694499.08844,0.0005255077952359256,0.08804240124430136
2085.5,213972194.35623428,34961666693.44467,0.0005421546972311914,0.08858455594153256
2085.75,220621737.64939606,35182288431.09407,0.0005590030598966125,0.08914355900142917
2086.0,227352474.9152404,35409640906.00931,0.0005760571487958051,0.08971961615022497
2086.25,234166142.2250424,35643807048.23435,0.0005933213627208615,0.09031293751294583
2086.5,241065183.26399463,35884872231.498344,0.0006108018933894003,0.09092373940633523
2086.75,248050476.06871822,36132922707.56706,0.0006285009655375838,0.09155224037187282
2087.0,255101209.84792912,36388023917.41499,0.0006463658495652801,0.09219860622143809
2087.25,262216151.28241047,36650240068.6974,0.0006643934205346504,0.09286299964197274
2087.5,269396192.4338772,36919636261.13128,0.0006825859387181119,0.09354558558069086
2087.75,276642245.9004756,37196278507.03175,0.0007009457164225192,0.09424653129711337
2088.0,283955245.4202772,37480233752.452034,0.0007194751195182739,0.09496600641663164
2088.25,291336146.4966948,37771569898.94873,0.0007381765690239816,0.09570418298565563
2088.5,298785927.046884,38070355825.99561,0.000757052542749345,0.09646123552840496
2088.75,306305588.0738436,38376661414.06946,0.0007761055769981088,0.09723734110540308
2089.0,313896154.36376137,38690557568.43322,0.0007953382683349669,0.09803267937373805
2089.25,321558675.2091492,39012116243.64237,0.0008147532754178154,0.09884743264915587
2089.5,329294225.15949774,39341410468.80187,0.0008343533208997332,0.0996817859700556
2089.75,337103904.80034214,39678514373.60221,0.0008541411934029498,0.10053592716345855
2090.0,344988841.56208605,40023503215.1643,0.0008741197495682116,0.10141004691302676
2090.25,352950190.56017816,40376453405.72448,0.0008942919161835917,0.10230433882921035
2090.5,360989135.4678196,40737442541.1923,0.0009146606923957219,0.10321899952160607
2090.75,369106889.42289746,41106549430.6152,0.0009352291520077469,0.10415422867361382
2091.0,377304695.9708632,41483854126.58606,0.0009560004458683539,0.10511022911948217
2091.25,385583830.04487085,41869437956.63093,0.0009769778043552104,0.10608720692383738
2091.5,393945598.98556906,42263383555.6165,0.0009981645399588747,0.10708537146379626
2091.75,402391343.60189265,42665774899.21839,0.0010195640499705897,0.10810493551376685
2092.0,410922439.2751213,43076697338.493515,0.0010411798192797052,0.10914611533304655
2092.25,419540297.10859007,43496237635.602104,0.0010630154232867714,0.11020913075633332
2092.5,428246365.1247717,43924484000.726875,0.0010850745309366604,0.11129420528726998
2092.75,437042129.5124565,44361526130.239334,0.001107360907878624,0.1124015661951486
2093.0,445929115.92659056,44807455246.165924,0.0011298784197597753,0.11353144461490837
2093.25,454909082.6963323,45262364328.86226,0.0011526315217683944,0.11468407613667676
2093.5,463986535.68594116,45726350864.5482,0.0011756316306938484,0.11585970776737062
2093.75,473164383.1444135,46199515247.69262,0.0011988861153480464,0.11705859388271866
2094.0,482444462.6388297,46681959710.33145,0.0012223996316893346,0.118280993514408
2094.25,491828662.15772074,47173788372.489174,0.0012461769634320337,0.11952717047784003
2094.5,501318921.90032804,47675107294.3895,0.0012702230265799986,0.12079739350442004
2094.75,510917236.1455472,48186024530.53505,0.0012945428741620779,0.12209193637858211
2095.0,520625655.20453584,48706650185.739586,0.0013191417011795571,0.12341107807976166
2095.25,530446287.46183455,49237096473.20142,0.0013440248497778764,0.12475510292953954
2095.5,540381301.5097581,49777477774.71118,0.0013691978146546688,0.1261243007441942
2095.75,550432928.380909,50327910703.09209,0.0013946662487164187,0.12751896699291063
2096.0,560603463.8850548,50888514166.97714,0.0014204359689995562,0.12893940296191017
2096.25,570895271.0552604,51459409438.0324,0.0014465129628683723,0.13038591592477855
2096.5,581310782.7103368,52040720220.74274,0.0014729033945076566,0.1318588193192862
2096.75,591852504.1399751,52632572724.88271,0.0014996136117261894,0.13335843293101238
2097.0,602523015.9194906,53235095740.8022,0.0015266501530886325,0.13488508308410102
2097.25,613324976.8621404,53848420717.66434,0.001554019755396003,0.13643910283949703
2097.5,624261127.116947,54472681844.78128,0.0015817293615348193,0.13802083220103184
2097.75,635331517.7637491,55108013362.54503,0.0016097791009292552,0.13963061130196108
2098.0,646507820.0898393,55754521182.634865,0.0016380971953526729,0.14126870849731377
2098.25,657785635.745289,56412306818.38016,0.0016666725004314718,0.14293538099774525
2098.5,669166287.3426371,57081473105.72279,0.001695508367351552,0.1446308893650968
2098.75,680651126.9323,57762124232.65509,0.0017246082218873996,0.14635549758698418
2099.0,692241536.8269651,58454365769.482056,0.001753975566490904,0.14810947315347509
2099.25,703938930.4542419,59158304699.936295,0.0017836139824517747,0.14989308713592686
2099.5,715744753.2382908,59874049453.17458,0.0018135271321313776,0.15170661426805823
2099.75,727660483.5116657,60601709936.68625,0.0018437187612731288,0.15355033302933135
2100.0,739687633.4587718,61341397570.14502,0.0018741927013929912,0.15542452573072435
2100.25,751827750.091971,62093225320.23699,0.0019049528722526949,0.15732947860297705
2100.5,764082416.2622708,62857307736.49926,0.0019360032844205812,0.15926548188739764
2100.75,776453251.7050661,63633760988.20432,0.001967348041921266,0.16123282992931892
2101.0,788941914.1235803,64422702902.3279,0.0019989913449808203,0.16323182127429975
2101.25,801550100.3106576,65224253002.638565,0.0020309374928691253,0.16526275876716887
2101.5,814279547.3111092,66038532549.94968,0.0020631908868449823,0.16732594965401384
2101.75,827132033.6261111,66865664583.57579,0.0020957560332077714,0.16942170568722162
2102.0,840109380.4616444,67705773964.03744,0.0021286375464607,0.17155034323368232
2102.25,853213453.0226729,68558987417.06011,0.0021618401525899432,0.17371218338627226
2102.5,866446161.8552788,69425433578.91539,0.0021953686924652974,0.17590755207873757
2102.75,879809464.239022,70305243043.15442,0.0022292281253680846,0.17813678020410564
2103.0,893305365.6311666,71198548408.78558,0.002263423532650484,0.18040020373675614
2103.25,906935921.1658881,72105484329.95148,0.002297960121534163,0.1826981638582903
2103.5,920703237.2102778,73026187567.16176,0.0023328432290528234,0.18503100708734313
2103.75,934609472.9804256,73960797040.14218,0.0023680783261469723,0.1873990854134901
2104.0,948656842.2194676,74909453882.36165,0.002403671021915696,0.18980275643540578
2104.25,962847614.9412469,75872301497.3029,0.0024396270680346792,0.19224238350344047
2104.5,977184119.2425116,76849485616.54541,0.00247595236334789,0.19471833586678836
2104.75,991668743.1862663,77841154359.73167,0.0025126529586395377,0.1972309888254279
2105.0,1006303936.760598,78847458296.49228,0.0025497350615972785,0.19978072388702517
2105.25,1021092213.9157599,79868550510.40804,0.0025872050419736992,0.20236792892899888
2105.5,1036036154.6835898,80904586665.09163,0.002625069436956419,0.2049929983659553
2105.75,1051138407.383718,81955725072.47534,0.0026633349567580966,0.2076563333227134
2106.0,1066401690.9196613,83022126763.395,0.002702008490434189,0.2103583418131476
2106.25,1081828797.1705391,84103955560.56554,0.002741097111942988,0.2130994389250906
2106.5,1097424383.6370232,85201379944.20256,0.0027806126222844987,0.21588005154737508
2106.75,1113197190.1974292,86314577134.4,0.0028205771662336366,0.2187006287136087
2107.0,1129150934.4302998,87443728068.83029,0.00286100016325107,0.2215616288768598
2107.25,1145288997.1604097,88589017065.9907,0.0029018901795434403,0.22446351905640324
2107.5,1161614852.8994207,89750631918.89012,0.0029432560186976988,0.22740677507510093
2107.75,1178132073.148951,90928763992.03908,0.002985106730050298,0.23039188180515122
2108.0,1194844329.8470712,92123608321.88615,0.0030274516174197967,0.233419333422571
2108.25,1211755398.9663022,93335363720.85246,0.003070300248223331,0.23648963367079434
2108.5,1228871845.4238536,94564235566.27632,0.0031136692564011797,0.23960330292719553
2108.75,1246202689.681696,95810438255.95802,0.003157581497660567,0.2427608844248561
2109.0,1263752549.2794278,97074190805.23746,0.0032020486717496337,0.24596293309660575
2109.25,1281525927.0832522,98355716732.32071,0.0032470821878613832,0.24921001528446712
2109.5,1299527458.1624408,99655244190.48315,0.0032926937901599836,0.25250270907462713
2109.75,1317761914.7450552,100973006105.22821,0.0033388955703373834,0.2558416046449645
2110.0,1336234211.4031868,102309240316.6314,0.0033856999807514807,0.259227304625716
2110.25,1354949410.4818404,103664189727.11324,0.003433119848181621,0.26266042447389765
2110.5,1373912727.783755,105038102454.89699,0.003481168388232587,0.26614159286213024
2110.75,1393129538.5260193,106431231993.423,0.0035298592204272413,0.2696714520825575
2111.0,1412605383.5833666,107843837377.00638,0.003579206384025557,0.27325065846658303
2111.25,1432345976.034667,109276183353.04105,0.0036292243546118706,0.2768798828211949
2111.5,1452357208.0309289,110728540561.07198,0.0036799280614967667,0.28055981088269166
2111.75,1472642559.7225068,112201183120.79448,0.003731326322554303,0.28429113720524596
2112.0,1493165984.9134126,113694349105.70789,0.0037833278052890077,0.28807446501053496
2112.25,1513913168.7180579,115208262274.42595,0.0038358962391822483,0.2919103612497172
2112.5,1534887885.9308422,116743150160.3568,0.0038890411886660812,0.29579940243838326
2112.75,1556094009.9687212,118299244170.32552,0.003942772468058685,0.29974217490644195
2113.0,1577535516.1190076,119876779686.44452,0.003997100149793518,0.3037392750562355
2113.25,1599216484.9179308,121475996171.36246,0.004052034572979783,0.30779130962921525
2113.5,1621141105.665842,123097137277.0283,0.0041075863523091245,0.31189889598152437
2113.75,1643313680.0863383,124740450957.11464,0.004163766387326978,0.31606266236885133
2114.0,1665738626.1353655,126406189583.25,0.004220585872083932,0.32028324824093524
2114.25,1688420481.968465,128094610065.21846,0.00427805630518779,0.32456130454612303
2114.5,1711363910.0738997,129805973975.29236,0.0043361895002759256,0.32889749404639895
2114.75,1734573701.5792544,131540547676.87161,0.00439499759692719,0.33329249164332614
2115.0,1734695680.4705017,133275243357.34212,0.004395306662453446,0.3376877983057796
2115.25,1731689183.683144,135006932541.02527,0.004387688913986733,0.3420754872197663
2115.5,1728671412.5147715,136735603953.54004,0.004380042598917505,0.3464555298186838
2115.75,1725642077.477209,138461246031.01724,0.004372366983751512,0.3508278968024353
2116.0,1722600882.5860093,140183846913.60324,0.004364661318534495,0.3551925581209698
2116.25,1719547525.1489987,141903394438.75223,0.0043569248363164136,0.35954948295728617
2116.5,1716481695.5461378,143619876134.29837,0.004349156752593655,0.36389863970987985
2116.75,1713403077.0004184,145333279211.2988,0.004341356264728554,0.3682399959746084
2117.0,1710311345.339195,147043590556.638,0.004333522551344655,0.37257351852595305
2117.25,1707206168.7455637,148750796725.38358,0.004325654771696769,0.3768991732976498
2117.5,1704087207.4993021,150454883932.88287,0.004317752065014575,0.3812169253626644
2117.75,1700954113.7067304,152155838046.5896,0.004309813549818153,0.3855267389124825
2118.0,1697806531.0190217,153853644577.6086,0.004301838323204251,0.38982857723568676
2118.25,1694644094.3383322,155548288671.94693,0.004293825460101685,0.39412240269578847
2118.5,1691466429.5110507,157239755101.45798,0.004285774012494111,0.3984081767082826
2118.75,1688273153.0075748,158928028254.46555,0.004277683008608648,0.40268585971689125
2119.0,1685063871.5878565,160613092126.0534,0.004269551452068453,0.4069554111689597
2119.25,1681838181.9518895,162294930308.0053,0.004261378321007144,0.41121678948996687
2119.5,1678595670.3744128,163973525978.37973,0.004253162567143216,0.41546995205711007
2119.75,1675335912.3228872,165648861890.7026,0.004244903114812089,0.41971485517192214
2120.0,1672058513.6738355,167320920404.37643,0.0042365989653985235,0.42395145413732066
2120.25,1668768272.0115693,168989688676.388,0.004228262274841182,0.42817971641216185
2120.5,1665469720.7724042,170655158397.1604,0.0042199045297904685,0.43239962094195233
2120.75,1662162575.5413806,172317320972.70178,0.004211525009606458,0.4366111459515588
2121.0,1658846545.2823856,173976167517.98416,0.004203122976872795,0.4408142689284316
2121.25,1655521332.109189,175631688850.09335,0.004194697676816553,0.4450089666052482
2121.5,1652186631.046648,177283875481.14,0.0041862483367031906,0.44919521494195136
2121.75,1648842129.781463,178932717610.92148,0.004177774165205014,0.4533729891071564
2122.0,1645487508.4019732,180578205119.32346,0.004169274351741894,0.4575422634588983
2122.25,1642122439.1264284,182220327558.4499,0.004160748065792759,0.46170301152469106
2122.5,1638746586.0190823,183859074144.46896,0.004152194456176254,0.4658552059808673
2122.75,1635359604.6934078,185494433749.16238,0.00414361265029875,0.4699988186311661
2123.0,1631961142.0018294,187126394891.1642,0.004135001753368205,0.47413382038453433
2123.25,1628550835.7111201,188754945726.87534,0.004126360847571693,0.478260181232106
2123.5,1625132894.1202216,190380078620.99554,0.004117700595738773,0.4823778818278448
2123.75,1621712397.4927027,192001791018.48825,0.004109033870050176,0.486486915697895
2124.0,1618289222.2076283,193620080240.6959,0.004100360357279825,0.4905872760551748
2124.25,1614863155.6365666,195234943396.33246,0.004091679518677799,0.4946789555738526
2124.5,1611433980.6663644,196846377376.9988,0.004082990804130956,0.49876194637798354
2124.75,1608001475.5490823,198454378852.54788,0.00407429365178271,0.5028362400297662
2125.0,1604565413.745721,200058944266.2936,0.004065587487637067,0.5069018275174033
2125.25,1601125563.763468,201660069830.05707,0.0040568717251462435,0.5109586992425496
2125.5,1597681688.98615,203257751519.0432,0.004048145764781083,0.5150068450073306
2125.75,1594233547.4975088,204851985066.5407,0.004039408993583269,0.5190462540009139
2126.0,1590780891.8969574,206442765958.43768,0.004030660784698501,0.5230769147856124
2126.25,1587323469.1074367,208030089427.5451,0.004021900496889646,0.527098815282502
2126.5,1583861020.1748977,209613950447.72,0.004013127474028677,0.5311119427565307
2126.75,1580393280.059046,211194343727.77905,0.004004341044566463,0.5351162838010972
2127.0,1576919977.4148326,212771263705.19388,0.0039955405209791284,0.5391118243220764
2127.25,1573440834.364185,214344704539.55807,0.003986725199189666,0.543098549521266
2127.5,1569955566.2575042,215914660105.81558,0.003977894357963627,0.5470764438792296
2127.75,1566463881.4242976,217481123987.23987,0.003969047258277289,0.5510454911375069
2128.0,1562965480.9123738,219044089468.15225,0.003960183142656837,0.5550056742801637
2128.25,1559460058.2149851,220603549526.36725,0.003951301234487002,0.5589569755146506
2128.5,1555947298.9851856,222159496825.35245,0.0039424007372873176,0.562899376251938
2128.75,1552431080.5215528,223711927905.874,0.003933491475211069,0.566832867727149
2129.0,1548916883.1493583,225260844789.02335,0.0039245873341002815,0.5707574550612493
2129.25,1545404718.9281504,226806249507.9515,0.003915688344510985,0.5746731434057603
2129.5,1541894431.647715,228348143939.5992,0.003906794110643614,0.5785799375164039
2129.75,1538385862.217739,229886529801.81696,0.0038979042294011177,0.5824778417458051
2130.0,1534878848.5747664,231421408650.39172,0.003889018290153207,0.5863668600359583
2130.25,1531373225.5856435,232952781875.97736,0.003880135874491711,0.59024699591045
2130.5,1527868824.9472165,234480650700.92456,0.0038712565559764272,0.5941182524664265
2130.75,1524365475.0821548,236005016176.0067,0.0038623798998711706,0.5979806323662976
2131.0,1520863001.0307658,237525879177.03748,0.0038535054628696525,0.6018341378291673
2131.25,1517361224.3384938,239043240401.37598,0.003844632792810434,0.6056787706219777
2131.5,1513859962.9389973,240557100364.31497,0.0038357614283806656,0.6095145320503584
2131.75,1510359031.0325599,242067459395.34753,0.003826890898808016,0.6133414229491665
2132.0,1506858238.9596112,243574317634.30716,0.003818020723540201,0.6171594436727067
2132.25,1503357393.0691211,245077675027.37628,0.0038091504119115243,0.6209685940846182
2132.5,1499856295.5815833,246577531322.95786,0.0038002794627957108,0.624768873547414
2132.75,1496354744.4463885,248073886067.40424,0.0037914073642445296,0.6285602809116585
2133.0,1492852533.1932573,249566738600.5975,0.003782533593111352,0.6323428145047698
2133.25,1489349450.7774594,251056088051.37497,0.0037736576146589792,0.6361164721194288
2133.5,1485845281.4184616,252541933332.79343,0.0037647788821508136,0.6398812510015796
2133.75,1482339804.4317396,254024273137.22516,0.0037558968364247085,0.6436371478380043
2134.0,1478832794.05334,255503105931.2785,0.003747010905448451,0.6473841587434528
2134.25,1475324019.2568424,256978429950.53534,0.003738120503855987,0.6511222792473088
2134.5,1471813243.562364,258450243194.09772,0.003729225032463486,0.6548515042797723
2134.75,1468300224.8370764,259918543418.93478,0.0037203238777638948,0.6585718281575362
2135.0,1464784715.0868976,261383328134.02167,0.0037114164113991378,0.6622832445689354
2135.25,1461266460.2388637,262844594594.26053,0.0037025019896086953,0.665985746558544
2135.5,1457745199.913611,264302339794.17413,0.0036935799526531306,0.6696793265111972
2135.75,1454220667.1875052,265756560461.36163,0.00368464962421138,0.6733639761354085
2136.0,1450692588.3437994,267207253049.70544,0.003675710310750246,0.6770396864461588
2136.25,1447160682.6122496,268654413732.3177,0.0036667613008646454,0.6807064477470234
2136.5,1443624661.8965182,270098038394.2142,0.0036578018645869164,0.6843642496116102
2136.75,1440084230.4886627,271538122624.70288,0.0036488312526633967,0.6880130808642736
2137.0,1436539084.7700346,272974661709.4729,0.0036398486957965755,0.6916529295600702
2137.25,1432988912.8977208,274407650622.37064,0.0036308534038506117,0.6952837829639208
2137.5,1429433394.47576,275837084016.8464,0.003621844565018268,0.698905627528939
2137.75,1425872200.2102182,277262956217.0566,0.003612821344946964,0.702518448873886
2138.0,1422307768.9092982,278685263985.9659,0.003603789922997183,0.7061222387968832
2138.25,1418746875.5618346,280104010861.5277,0.0035947674653807856,0.709717006262264
2138.5,1415189825.7561064,281519200687.2838,0.0035857547463858572,0.7133027610086499
2138.75,1411636452.8981593,282930837140.18195,0.0035767513439029044,0.7168795123525528
2139.0,1408086586.519883,284338923726.70184,0.0035677568260062405,0.720447269178559
2139.25,1404540052.124058,285743463778.8259,0.0035587707505613754,0.7240060399291203
2139.5,1400996671.0220044,287144460449.84796,0.0035497926648136533,0.727555832593934
2139.75,1397456260.1634064,288541916710.01135,0.003540822104957069,0.7310966546988911
2140.0,1393918631.9578629,289935835341.96924,0.0035318585956821214,0.7346285132945732
2140.25,1390383594.0877564,291326218936.057,0.003522901649701666,0.7381514149442749
2140.5,1386850949.3117428,292713069885.3688,0.0035139507672530034,0.741665365711528
2140.75,1383320495.2585113,294096390380.62726,0.0035050054355753196,0.7451703711471033
2141.0,1379792024.210078,295476182404.83734,0.0034960651283606,0.7486664362754639
2141.25,1376266061.2849042,296852448466.12225,0.003487131176134249,0.7521535674515981
2141.5,1372750462.2524557,298225198928.3747,0.0034782234835494356,0.7556317909351475
2141.75,1369246563.2959743,299594445491.67065,0.003469345436176994,0.7591011363713245
2142.0,1365754329.1369874,300960199820.8076,0.003460496944629659,0.7625616333159542
2142.25,1362273724.6316793,302322473545.4393,0.003451677919861351,0.7660133112358155
2142.5,1358804714.7696488,303681278260.2089,0.003442888273164033,0.7694561995089796
2142.75,1355347264.6727514,305036625524.88165,0.0034341279161647746,0.7728903274251444
2143.0,1351901339.5939493,306388526864.4756,0.0034253967608228377,0.7763157241859673
2143.25,1348466904.916165,307736993769.3917,0.0034166947194267747,0.779732418905394
2143.5,1345043926.1511056,309082037695.54285,0.0034080217045914453,0.7831404406099854
2143.75,1341632368.9381928,310423670064.481,0.0033993776292553088,0.7865398182392408
2144.0,1338232199.0434003,311761902263.5244,0.003390762406677478,0.7899305806459183
2144.25,1334843382.3581831,313096745645.88257,0.003382175950435005,0.7933127565963533
2144.5,1331465884.898378,314428211530.78094,0.0033736181744200926,0.7966863747707733
2144.75,1328099672.8031232,315756311203.58405,0.003365088992837366,0.8000514637636107
2145.0,1324744712.333795,317081055915.91785,0.0033565883202011683,0.8034080520838118
2145.25,1321400969.87295,318402456885.7908,0.0033481160713328857,0.8067561681551447
2145.5,1318068411.923289,319720525297.71405,0.0033396721613583222,0.8100958403165031
2145.75,1314747005.1066058,321035272302.8207,0.003331256505705034,0.813427096822208
2146.0,1311436716.162799,322346709018.98346,0.003322869020099827,0.8167499658423079
2146.25,1308137511.9488213,323654846530.93225,0.0033145096205660965,0.820064475462874
2146.5,1304849359.4377158,324959695890.37,0.00330617822342138,0.8233706536862954
2146.75,1301572225.7176135,326261268116.0876,0.0032978747452748203,0.8266685284315702
2147.0,1298306077.9907465,327559574194.0783,0.0032895991030246698,0.8299581275345949
2147.25,1295050883.5725112,328854625077.6508,0.003281351213855908,0.8332394787484507
2147.5,1291806609.8904762,330146431687.5413,0.0032731309952377338,0.8365126097436885
2147.75,1288573224.4834623,331435004912.0248,0.0032649383649212315,0.8397775481086097
2148.0,1285350695.0006015,332720355607.0254,0.003256773240936989,0.8430343213495467
2148.25,1282138989.2004151,334002494596.2258,0.0032486355415927612,0.8462829568911394
2148.5,1278938074.9498906,335281432671.1757,0.003240525185471129,0.8495234820766105
2148.75,1275747920.2235966,336557180591.3993,0.0032324420914272597,0.8527559241680378
2149.0,1272568493.1027746,337829749084.5021,0.003224386178586603,0.8559803103466244
2149.25,1269399761.7744603,339099148846.27655,0.0032163573663426667,0.859196667712967
2149.5,1266241694.5306056,340365390540.8071,0.0032083555743547916,0.8624050232873218
2149.75,1263094259.7672412,341628484800.57434,0.0032003807225460287,0.8656054040098679
2150.0,1259957425.9835832,342888442226.5579,0.003192432731100877,0.8687978367409688
2150.25,1256831161.7812233,344145273388.3392,0.003184511520463231,0.8719823482614321
2150.5,1253715435.86328,345398988824.20245,0.0031766170113342288,0.8751589652727663
2150.75,1250610217.0335848,346649599041.236,0.0031687491246701924,0.8783277143974365
2151.0,1247515474.1958425,347897114515.4319,0.0031609077816804987,0.881488622179117
2151.25,1244431176.352862,349141545691.7847,0.0031530929038256312,0.8846417150829426
2151.5,1241357292.6057491,350382902984.3905,0.0031453044128151347,0.8877870194957578
2151.75,1238293792.153099,351621196776.5436,0.003137542230605567,0.8909245617263634
2152.0,1235240644.290251,352856437420.8338,0.0031298062793986142,0.894054368005762
2152.25,1232197818.4084942,354088635239.2423,0.0031220964816390763,0.8971764644874011
2152.5,1229165283.994334,355317800523.23663,0.0031144127600130087,0.9002908772474141
2152.75,1226143010.6287203,356543943533.86536,0.0031067550374457653,0.9033976322848598
2153.0,1223130967.9863207,357767074501.8517,0.003099123237100161,0.90649675552196
2153.25,1220129125.8347878,358987203627.68646,0.0030915172823746113,0.9095882728043345
2153.5,1217137454.0340252,360204341081.72046,0.0030839370969012723,0.9126722099012358
2153.75,1214155922.535481,361418497004.2559,0.0030763826045442544,0.91574859250578
2154.0,1211184501.3814602,362629681505.6374,0.003068853729397877,0.9188174462351779
2154.25,1208223160.7043948,363837904666.3418,0.00306135039578482,0.9218787966309627
2154.5,1205271870.7261693,365043176537.068,0.0030538725282544133,0.9249326691592171
2154.75,1202330601.7574465,366245507138.82544,0.0030464200515809324,0.9279790892107981
2155.0,1199399324.1970026,367444906463.02246,0.003038992890761909,0.93101808210156
2155.25,1196478008.5310276,368641384471.55347,0.0030315909710163617,0.9340496730725764
2155.5,1193566625.332522,369834951096.886,0.0030242142177832666,0.9370738872903597
2155.75,1190665145.2606006,371025616242.1466,0.003016862556719793,0.9400907498470795
2156.0,1187773539.0598888,372213389781.2065,0.0030095359136997715,0.9431002857607793
2156.25,1184891777.5598822,373398281558.76636,0.0030022342148120764,0.9461025199755914
2156.5,1182019831.6743023,374580301390.4407,0.0029949573863589894,0.9490974773619504
2156.75,1179157672.400502,375759459062.8412,0.0029877053548546936,0.9520851827168051
2157.0,1176305270.8188715,376935764333.66003,0.0029804780470237702,0.9550656607638288
2157.25,1173462598.0922077,378109226931.75226,0.002973275389799599,0.9580389361536285
2157.5,1170629625.4651349,379279856557.2174,0.00296609731032289,0.9610050334639514
2157.75,1167806324.2635176,380447662881.4809,0.002958943735940197,0.9639639771998916
2158.0,1164992665.8938885,381612655547.37476,0.002951814594202469,0.966915791794094
2158.25,1162188621.84289,382774844169.21765,0.002944709812863633,0.9698605016069577
2158.5,1159394163.6766794,383934238332.89435,0.002937629319879087,0.9727981309268368
2158.75,1156609263.0403898,385090847595.93475,0.0029305730434043375,0.9757287039702411
2159.0,1153833891.6576066,386244681487.59235,0.0029235409117936676,0.9786522448820348
2159.25,1151068021.329782,387395749508.9221,0.0029165328535986574,0.9815687777356334
2159.5,1148311623.935735,388544061132.85785,0.002909548797566917,0.9844783265332003
2159.75,1145564671.4311152,389689625804.28894,0.0029025886726407255,0.987380915205841
2160.0,1142827135.8478599,390832452940.1368,0.0028956524079556587,0.9902765676137967
2160.25,1140098989.2937381,391972551929.43054,0.0028887399328394307,0.9931653075466361
2160.5,1137380203.9079664,393109932133.3385,0.002881851176699436,0.9960471587233356
2160.75,1134670202.873875,394244602336.2124,0.002874984678019294,0.9989221434013549
2161.0,1131968403.5661998,395376570739.7786,0.0028681389605650287,1.0017902823619198
2161.25,1129274768.881637,396505845508.6603,0.0028613139303256823,1.0046515962922455
2161.5,1126589261.6651657,397632434770.32544,0.0028545094931592616,1.007506105785405
2161.75,1123911844.7075326,398756346615.03296,0.00284772555478636,1.0103538313401912
2162.0,1121242480.7426505,399877589095.77563,0.0028409620207835674,1.0131947933609748
2162.25,1118581132.445002,400996170228.22064,0.0028342187965768924,1.0160290121575517
2162.5,1115927762.4269583,402112097990.6476,0.002827495787434967,1.0188565079449867
2162.75,1113282333.2361076,403225380323.88367,0.002820792898462279,1.021677300843449
2163.0,1110644807.3524868,404336025131.23615,0.0028141100345921576,1.0244914108780412
2163.25,1108015147.185792,405444040278.42194,0.0028074471005797045,1.0272988579786209
2163.5,1105393315.0725725,406549433593.4945,0.0028008040009946853,1.0300996619796154
2163.75,1102779273.273293,407652212866.7678,0.002794180640214085,1.0328938426198295
2164.0,1100172983.9694653,408752385850.7373,0.002787576922414841,1.0356814195422444
2164.25,1097574409.260598,409849960259.9979,0.002780992751566113,1.0384624122938104
2164.5,1094983511.161216,410944943771.1591,0.002774428031421735,1.0412368403252321
2164.75,1092400251.597732,412037344022.75684,0.0027678826655122817,1.0440047229907443
2165.0,1089824592.4053237,413127168615.1622,0.002761356557137162,1.0467660795478815
2165.25,1087256495.3247075,414214425110.4869,0.002754849609356443,1.0495209291572378
2165.5,1084695921.9989026,415299121032.4858,0.00274836172498265,1.0522692908822204
2165.75,1082142833.9698792,416381263866.4557,0.002741892806572274,1.0550111836887928
2166.0,1079597192.6751997,417460861059.13086,0.002735442756417259,1.05774662644521
2166.25,1077058959.4445353,418537920018.5754,0.0027290114765361824,1.0604756379217462
2166.5,1074528095.496185,419612448114.07153,0.0027225988686654296,1.0631982367904116
2166.75,1072004561.9334579,420684452676.005,0.0027162048342500265,1.0659144416246615
2167.0,1069488319.7410358,421753940995.74603,0.0027098292744344283,1.068624270899096
2167.25,1066979329.781231,422820920325.5273,0.002703472090053034,1.071327742989149
2167.5,1064477552.7901926,423885397878.3175,0.0026971331816205758,1.0740248761707696
2167.75,1061982949.3740147,424947380827.6915,0.002690812449322256,1.076715688620092
2168.0,1059495480.0047703,426006876307.6963,0.0026845097930037003,1.0794001984130956
2168.25,1057015105.0164971,427063891412.71277,0.0026782251121607852,1.0820784235252565
2168.5,1054541784.6010234,428118433197.3138,0.0026719583059290632,1.0847503818311857
2168.75,1052075478.803786,429170508676.11755,0.002665709273073165,1.0874160911042587
2169.0,1049616147.5195155,430220124823.6371,0.002659477911975867,1.0900755690162347
2169.25,1047163750.4878293,431267288574.12494,0.0026532641206269275,1.0927288331368616
2169.5,1044718247.2887515,432312006821.4137,0.00264706779661173,1.0953759009334734
2169.75,1042279597.3381057,433354286418.75183,0.0026408888370996167,1.098016789770573
2170.0,1039847759.8828385,434394134178.63464,0.0026347271388320334,1.100651516909405
2170.25,1037422693.99621,435431556872.63086,0.0026285825981103455,1.1032800995075154
2170.5,1035004358.5728748,436466561231.20374,0.002622455110783375,1.1059025546182988
2170.75,1032592712.3239,437499153943.52765,0.0026163445722347783,1.1085188991905335
2171.0,1030187713.771601,438529341657.29926,0.0026102508773699572,1.1111291500679035
2171.25,1027789321.2443098,439557130978.5436,0.002604173920602807,1.1137333239885063
2171.5,1025397492.8709773,440582528471.41455,0.002598113595842038,1.1163314375843483
2171.75,1023012186.5757239,441605540657.9903,0.002592069796477371,1.1189235073808257
2172.0,1020633360.0721602,442626174018.06244,0.002586042415365141,1.1215095497961909
2172.25,1018260970.8576516,443644434988.9201,0.002580031344813772,1.1240895811410048
2172.5,1015894976.2074219,444660329965.1275,0.0025740364765688343,1.1266636176175735
2172.75,1013535333.1685076,445673865298.296,0.002568057701797724,1.1292316753193712
2173.0,1011181998.5535598,446685047296.8496,0.00256209491107396,1.1317937702304453
2173.25,1008834928.9345078,447693882225.7841,0.002556147994361132,1.1343499182248065
2173.5,1006494080.6360886,448700376306.4202,0.0025502168409965,1.136900135065803
2173.75,1004159409.7291447,449704535716.14935,0.002544301339674018,1.139444436405477
2174.0,1001830872.0238343,450706366588.1732,0.0025384013784271278,1.141982837783904
2174.25,999508423.0626224,451705875011.23584,0.0025325168446109977,1.1445153546285152
2174.5,997192018.1130981,452703067029.34894,0.002526647624884329,1.1470420022533996
2174.75,994881612.1606418,453697948641.5096,0.0025207936051907715,1.1495627958585903
2175.0,992577159.9008571,454690525801.41046,0.00251495467073975,1.15207775052933
2175.25,990278615.7318231,455680804417.1423,0.0025091307059868324,1.1545868812353168
2175.5,987985933.7461734,456668790350.8884,0.0025033215946136606,1.1570902028299306
2175.75,985699067.7229254,457654489418.6113,0.0024975272195072477,1.159587730049438
2176.0,983417971.119114,458637907389.73047,0.0024917474627387795,1.1620794775121768
2176.25,981142597.0612037,459619049986.7917,0.0024859822055418547,1.1645654597177186
2176.5,978872898.3362588,460597922885.1279,0.002480231328290113,1.1670456910460087
2176.75,976608827.3828833,461574531712.5108,0.002474494710474278,1.169520185756483
2177.0,974350336.2819252,462548882048.7927,0.0024687722306786053,1.1719889579871616
2177.25,972097376.7468997,463520979425.5396,0.002463063766556616,1.1744520217537182
2177.5,969849900.114171,464490829325.6538,0.0024573691948062202,1.1769093909485244
2177.75,967607857.3328599,465458437182.9867,0.0024516883911441453,1.1793610793396685
2178.0,965371198.9544488,466423808381.94116,0.002446021230279598,1.1818071005699482
2178.25,963139875.1221324,467386948257.0633,0.0024403675858872794,1.1842474681558355
2178.5,960913835.5598247,468347862092.6231,0.002434727330579534,1.186682195486415
2178.75,958693029.560891,469306555122.184,0.002429100335877799,1.189111295822293
2179.0,956477405.9765311,470263032528.1605,0.0024234864721831687,1.1915347822944762
2179.25,954266913.2038414,471217299441.3644,0.002417885608746146,1.1939526679032224
2179.5,952061499.1735235,472169360940.5379,0.0024122976136355017,1.196364965516858
2179.75,949861111.3372409,473119222051.8751,0.002406722353706238,1.1987716878705643
2180.0,947665696.6546037,474066887748.5297,0.0024011596945666095,1.2011728475651309
2180.25,945475201.5797461,475012362950.1095,0.0023956095005441156,1.203568457065675
2180.5,943289572.0475539,475955652522.15704,0.002390071634650604,1.2059585287003256
2180.75,941108753.4594281,476896761275.61646,0.002384545958546198,1.2083430746588717
2181.0,938932690.6686468,477835693966.2851,0.002379032332502209,1.2107221069913738
2181.25,936761327.96528,478772455294.25037,0.002373530615362911,1.2130956376067368
2181.5,934594609.0606397,479707049903.31104,0.0023680406645061438,1.215463678271243
2181.75,932432477.0712497,480639482380.38226,0.002362562335802695,1.2178262406070457
2182.0,930274874.5023397,481569757254.8846,0.0023570954835744795,1.2201833360906202
2182.25,928121743.2307814,482497878998.11536,0.0023516399605512995,1.2225349760511715
2182.5,925973024.4875512,483423852022.6029,0.002346195617826415,1.2248811716689978
2182.75,923828658.8395844,484347680681.4425,0.002340762304810562,1.2272219339738084
2183.0,921688586.1710924,485269369267.6136,0.002335339869184616,1.229557273842993
2183.25,919552745.6642636,486188922013.27783,0.0023299281568506945,1.2318872019998437
2183.5,917421075.7793448,487106343089.0572,0.0023245270118816856,1.2342117290117254
2183.75,915293514.2340875,488021636603.29126,0.0023191362764691703,1.2365308652881946
2184.0,913169997.9825245,488934806601.2738,0.002313755790869649,1.2388446210790642
2184.25,911050463.1930467,489845857064.46686,0.002308385393348992,1.2411530064724132
2184.5,908934845.2257398,490754791909.6926,0.0023030249201250155,1.2434560313925382
2184.75,906823078.6090149,491661614988.30164,0.00229767420530827,1.2457537055978465
2185.0,904715097.0154077,492566330085.317,0.002292333080840722,1.2480460386786871
2185.25,902610833.2365959,493468940918.5536,0.0022870013764324524,1.2503330400551196
2185.5,900510219.157564,494369451137.7112,0.002281678919496197,1.2526147189746157
2185.75,898413185.7298796,495267864323.44104,0.0022763655350796354,1.2548910845096954
2186.0,896319662.9440397,496164183986.3851,0.002271061045795322,1.2571621455554907
2186.25,894229579.800928,497058413566.186,0.002265765271748367,1.259427910827239
2186.5,892142864.2821785,497950556430.46814,0.0022604780304613437,1.2616883888577004
2186.75,890059443.3195903,498840615873.7877,0.0022551991367967933,1.2639435879944971
2187.0,887979242.7634091,499728595116.55115,0.0022499284028768573,1.266193516397374
2187.25,885902187.3495113,500614497303.90063,0.00224466563800013,1.2684381820353743
2187.5,883828200.6654073,501498325504.56604,0.0022394106485555208,1.2706775926839298
2187.75,881757205.1150193,502380082709.681,0.0022341632379330057,1.2729117559218628
2188.0,879689121.8821882,503259771831.56323,0.002228923206431166,1.275140679128294
2188.25,877623870.8928306,504137395702.45605,0.002223690351161301,1.2773643694794552
2188.5,875561370.7757528,505012957073.2318,0.002218464465948141,1.2795828339454034
2188.75,873501538.82195,505886458612.0538,0.002213245341226721,1.28179607928663
2189.0,871444290.9424411,506757902902.9962,0.0022080327639355437,1.2840041120505656
2189.25,869389541.6245055,507627292444.6207,0.002202826517405695,1.2862069385679713
2189.5,867337203.8862437,508494629648.50696,0.0021976263812457084,1.288404564949217
2189.75,865287189.2294523,509359916837.7364,0.002192432131222166,1.2905969970804392
2190.0,863239407.5906441,510223156245.327,0.0021872435391355922,1.2927842406195749
2190.25,861193767.2902293,511084350012.61725,0.00218206037269169,1.2949663009922665
2190.5,859150174.979654,511943500187.5969,0.0021768823953674057,1.297143183387634
2190.75,857108535.5865349,512800608723.1835,0.0021717093662719103,1.2993148927539058
2191.0,855068752.2575753,513655677475.44104,0.002166541040001964,1.3014814337939078
2191.25,853030726.2992395,514508708201.7403,0.0021613771664915995,1.3036428109603995
2191.5,850994357.1160444,515359702558.8563,0.0021562174908557642,1.3057990284512553
2191.75,848959542.1463451,516208662101.0027,0.002151061753227621,1.307950090204483
2192.0,846926176.7955198,517055588277.7982,0.0021459096885892513,1.3100959998930721
2192.25,844894154.3664268,517900482432.1647,0.0021407610265954517,1.3122367609196677
2192.5,842863365.9869426,518743345798.1516,0.00213561549139013,1.3143723764110578
2192.75,840833700.5345458,519584179498.68616,0.0021304728014152224,1.316502849212473
2193.0,838805044.5576792,520422984543.24384,0.0021253326692114403,1.3186281818816845
2193.25,836777282.1938128,521259761825.4376,0.0021201948012106644,1.3207483766828951
2193.5,834750295.084011,522094512120.5216,0.0021150588975194745,1.3228634355804145
2193.75,832723962.2838206,522927236082.8054,0.002109924651693366,1.3249733602321079
2194.0,830698160.1702902,523757934242.9757,0.0021047917505011534,1.327078151982609
2194.25,828672762.3449498,524586607005.3207,0.0020996598736791492,1.329177811856288
2194.5,826647639.5324907,525413254644.85315,0.0020945286936744387,1.3312723405499625
2194.75,824622659.4749429,526237877304.32806,0.0020893978753767526,1.3333617384253391
2195.0,822597686.8211707,527060474991.14923,0.0020842670758384743,1.3354460055011776
2195.25,820572583.0112832,527881047574.1605,0.002079135943981765,1.3375251414451594
2195.5,818547206.1558299,528699594780.31635,0.002074004120292472,1.339599145565452
2195.75,816521410.9094837,529516116191.2258,0.0020688712365000725,1.341668016801952
2196.0,814495048.3387877,530330611239.56464,0.0020637369152425766,1.3437317537171944
2196.25,812467965.7837738,531143079205.3484,0.002058600769715899,1.3457903544869103
2196.5,810440006.7130489,531953519212.06146,0.002053462403306684,1.347843816890217
2196.75,808411010.5719739,532761930222.6334,0.0020483214092076266,1.3498921382994244
2197.0,806380812.6235626,533568311035.25696,0.002043177370014348,1.3519353156694387
2197.25,804349243.7816706,534372660279.03864,0.0020380298573027355,1.3539733455267415
2197.5,802316130.4360323,535174976409.4747,0.0020328784311856294,1.3560062239579271
2197.75,800281294.2686758,535975257703.74335,0.0020277226398476597,1.3580339465977749
2198.0,798244552.0611824,536773502255.8045,0.0020225620190568888,1.3600565086168317
2198.25,796206107.7719609,537569708363.5765,0.0020173970855954615,1.3620739057024271
2198.5,794172180.2978137,538363880543.87427,0.002012243596670164,1.3640861492990972
2198.75,792145573.7136862,539156026117.58795,0.0020071086571406146,1.366093257956238
2199.0,790126265.3821846,539946152382.97015,0.002001992209649035,1.368095250165887
2199.25,788114232.719812,540734266615.68994,0.0019968941969742116,1.370092144362861
2199.5,786109453.1967787,541520376068.8867,0.00199181456203101,1.372083958924892
2199.75,784111904.3367926,542304487973.2235,0.0019867532478698474,1.374070712172762
2200.0,782121563.7169029,543086609536.9404,0.0019817101976762935,1.3760524223704382
2200.25,780138408.9672958,543866747945.9077,0.0019766853547705573,1.3780291077252087
2200.5,778162417.7711262,544644910363.67883,0.0019716786626070544,1.3800007863878156
2200.75,776193567.8643305,545421103931.54315,0.001966690064773939,1.3819674764525895
2201.0,774231837.0354464,546195335768.5786,0.001961719504992643,1.3839291959575821
2201.25,772277203.1254585,546967612971.7041,0.001956766927117487,1.3858859628846996
2201.5,770329644.0276197,547737942615.73175,0.0019518322751352261,1.3878377951598349
2201.75,768389137.6872711,548506331753.419,0.001946915493164596,1.3897847106529995
2202.0,766455662.1016951,549272787415.5207,0.001942016525455938,1.3917267271784555
2202.25,764529195.3199501,550037316610.8407,0.0019371353163907825,1.3936638624948463
2202.5,762609715.4426988,550799926326.2834,0.0019322718104814117,1.3955961343053278
2202.75,760697200.6220509,551560623526.9055,0.0019274259523704637,1.3975235602576983
2203.0,758791629.0614269,552319415155.9669,0.0019225976868305849,1.399446157944529
2203.25,756892979.0153861,553076308134.9823,0.0019177869587639954,1.401363944903293
2203.5,755001228.789487,553831309363.7717,0.001912993713202136,1.4032769386164952
2203.75,753116356.7401175,554584425720.5118,0.001908217895305236,1.4051851565118003
2204.0,751238341.2743875,555335664061.7863,0.001903459450362043,1.4070886159621623
2204.25,749367160.8499463,556085031222.6362,0.0018987183237893588,1.4089873342859516
2204.5,747502793.9748555,556832534016.6111,0.0018939944611317192,1.4108813287470834
2204.75,745645219.2074592,557578179235.8186,0.0018892878080610618,1.4127706165551444
2205.0,743794415.1562331,558321973650.9749,0.0018845983103763476,1.4146552148655207
2205.25,741950360.4796504,559063924011.4545,0.001879925914003219,1.416535140779524
2205.5,740113033.886059,559804037045.3406,0.0018752705649936886,1.4184104113445175
2205.75,738282414.133533,560542319459.4741,0.0018706322095257632,1.4202810435540432
2206.0,736458480.0297579,561278777939.5039,0.0018660107939031541,1.4221470543479464
2206.25,734641210.431892,562013419149.9358,0.0018614062645549245,1.4240084606125014
2206.5,732830584.2464495,562746249734.1823,0.0018568185680351928,1.4258652791805366
2206.75,731026580.4291803,563477276314.6115,0.00185224765102283,1.4277175268315594
2207.0,729229177.9849288,564206505492.5964,0.001847693460321101,1.4295652202918805
2207.25,727438355.9675353,564933943848.564,0.001843155942857413,1.4314083762347378
2207.5,725654093.479701,565659597942.0437,0.0018386350456829784,1.4332470112804208
2207.75,723876369.672893,566383474311.7166,0.001834130715972567,1.4350811419963934
2208.0,722105163.747202,567105579475.4637,0.001829642901024152,1.4369107848974174
2208.25,720340454.9512545,567825919930.415,0.0018251715482586832,1.438735956445676
2208.5,718582222.5820862,568544502152.9971,0.001820716605219769,1.4405566730508959
2208.75,716830445.9850342,569261332598.982,0.0018162780195734012,1.4423729510704693
2209.0,715085104.5536467,569976417703.5356,0.001811855739107727,1.444184806809577
2209.25,713346177.7295426,570689763881.2651,0.0018074497117326947,1.4459922565213097
2209.5,711613645.0023414,571401377526.2675,0.0018030598854798729,1.4477953164067896
2209.75,709887485.9095402,572111265012.177,0.0017986862085021414,1.4495940026152918
2210.0,708167680.036417,572819432692.2134,0.0017943286290734463,1.4513883312443652
2210.25,706454207.015941,573525886899.2294,0.0017899870955885703,1.4531783183399538
2210.5,704747046.5286497,574230633945.758,0.0017856615565628238,1.4549639798965166
2210.75,703046178.3025781,574933680124.0607,0.0017813519606318647,1.4567453318571484
2211.0,701351582.1131483,575635031706.1738,0.0017770582565514185,1.4585223901136999
2211.25,699663237.7830862,576334694943.9569,0.0017727803931970665,1.460295170506897
2211.5,697981125.1823049,577032676069.1392,0.0017685183195639519,1.4620636888264609
2211.75,696305224.2278503,577728981293.3671,0.0017642719847666413,1.4638279608112275
2212.0,694635514.8837818,578423616808.2509,0.0017600413380388217,1.4655880021492662
2212.25,692971977.1610965,579116588785.412,0.0017558263287331098,1.4673438284779994
2212.5,691314591.1176335,579807903376.5297,0.0017516269063208084,1.4690954553843203
2212.75,689663336.8580009,580497566713.3877,0.001747443020391722,1.470842898404712
2213.0,688018194.5334791,581185584907.9211,0.001743274620653911,1.4725861730253658
2213.25,686379144.3419486,581871964052.2631,0.0017391216569335108,1.4743252946822993
2213.5,684746166.5277835,582556710218.7909,0.0017349840791744584,1.4760602787614738
2213.75,683119241.3818104,583239829460.1727,0.0017308618374383927,1.4777911405989121
2214.0,681498349.2411913,583921327809.414,0.0017267548819043538,1.4795178954808166
2214.25,679883470.4893681,584601211279.9033,0.001722663162868645,1.4812405586436852
2214.5,678274585.5559632,585279485865.4592,0.0017185866307445794,1.4829591452744297
2214.75,676671674.9167384,585956157540.376,0.001714525236062377,1.4846736705104921
2215.0,675074719.0934801,586631232259.4695,0.001710478929468873,1.486384149439961
2215.25,673483698.6539469,587304715958.1234,0.0017064476617273847,1.4880905971016885
2215.5,671898594.2117956,587976614552.3352,0.0017024313837175251,1.489793028485406
2215.75,670319386.4264967,588646933938.7617,0.0016984300464349881,1.4914914585318408
2216.0,668746056.0032856,589315679994.765,0.001694443600991425,1.4931859021328322
2216.25,667178583.6930726,589982858578.4581,0.0016904719986142159,1.4948763741314464
2216.5,665616950.2923671,590648475528.7505,0.0016865151906462793,1.4965628893220926
2216.75,664061136.6432409,591312536665.3937,0.0016825731285459774,1.4982454624506385
2217.0,662511123.6332288,591975047789.0269,0.0016786457638868644,1.4999241082145254
2217.25,660966892.1952845,592636014681.2222,0.0016747330483575758,1.501598841262883
2217.5,659428423.3077029,593295443104.5299,0.001670834933761631,1.5032696761966444
2217.75,657895697.9940531,593953338802.5239,0.0016669513720172628,1.5049366275686618
2218.0,656368697.3231202,594609707499.847,0.0016630823151572713,1.506599709883819
2218.25,654847402.4088491,595264554902.2559,0.0016592277153288802,1.508258937599148
2218.5,653331794.4102675,595917886696.6661,0.0016553875247935427,1.5099143251239415
2218.75,651821854.531436,596569708551.1976,0.0016515616959268148,1.5115658868198683
2219.0,650317564.0213851,597220026115.219,0.001647750181218195,1.5132136370010865
2219.25,648818904.1740463,597868845019.3931,0.0016439529332709511,1.5148575899343575
2219.5,647325856.3282083,598516170875.7213,0.0016401699048020075,1.5164977598391596
2219.75,645838401.8674445,599162009277.5887,0.001636401048641763,1.5181341608878014
2220.0,644356522.2200671,599806365799.8088,0.0016326463177339732,1.5197668072055355
2220.25,642880198.859064,600449245998.6678,0.0016289056651355917,1.521395712870671
2220.5,641409413.3020384,601090655411.9698,0.0016251790440166176,1.5230208919146877
2220.75,639944147.1111604,601730599559.081,0.00162146640765997,1.5246423583223476
2221.0,638484381.8931149,602369083940.9741,0.0016177677094613599,1.526260126031809
2221.25,637030099.299034,603006114040.2732,0.0016140829029291156,1.5278742089347381
2221.5,635581281.0244588,603641695321.2976,0.0016104119416840872,1.5294846208764221
2221.75,634137908.8092712,604275833230.1069,0.0016067547794594754,1.5310913756558815
2222.0,632699964.4376556,604908533194.5446,0.0016031113701007313,1.5326944870259822
2222.25,631267429.738041,605539800624.2826,0.0015994816675654116,1.5342939686935477
2222.5,629840286.5830421,606169640910.8656,0.0015958656259230297,1.5358898343194707
2222.75,628418516.8894231,606798059427.755,0.0015922631993549627,1.5374820975188257
2223.0,627002102.6180375,607425061530.373,0.0015886743421542997,1.53907077186098
2223.25,625591025.77377,608050652556.1469,0.0015850990087256948,1.5406558708697056
2223.5,624185268.4055233,608674837824.5524,0.0015815371535853329,1.5422374080232908
2223.75,622784812.6061192,609297622637.1584,0.0015779887313606788,1.5438153967546515
2224.0,621389640.5122887,609919012277.6708,0.0015744536967904545,1.545389850451442
2224.25,619999734.3045998,610539012011.9753,0.0015709320047244527,1.5469607824561664
2224.5,618615076.2074304,611157627088.1827,0.0015674236101234711,1.54852820606629
2224.75,617235648.4889067,611774862736.6716,0.001563928468059155,1.550092134534349
2225.0,615861433.4608657,612390724170.1324,0.0015604465337139021,1.551652581068063
2225.25,614492413.478801,613005216583.6112,0.0015569777623807256,1.5532095588304438
2225.5,613128570.9418132,613618345154.553,0.0015535221094631294,1.554763080939907
2225.75,611769888.2925938,614230115042.8456,0.0015500795304750647,1.556313160470382
2226.0,610416348.0173392,614840531390.8629,0.0015466499810407157,1.5578598104514227
2226.25,609067932.645723,615449599323.5087,0.0015432334168944256,1.559403043868317
2226.5,607724624.7508765,616057323948.2595,0.0015398297938806513,1.5609428736621977
2226.75,606386406.9493032,616663710355.2089,0.0015364390679537417,1.5624793127301515
2227.0,605053261.9008505,617268763617.1097,0.0015330611951778715,1.5640123739253293
2227.25,603725172.3086882,617872488789.4185,0.0015296961317269823,1.5655420700570564
2227.5,602402120.9192364,618474890910.3376,0.0015263438338846036,1.567068413890941
2227.75,601084090.5221256,619075975000.8597,0.0015230042580437469,1.5685914181489846
2228.0,599771063.9501808,619675746064.8099,0.001519677360706871,1.5701110955096915
2228.25,598463024.0793434,620274209088.8893,0.0015163630984856803,1.571627458608177
2228.5,597159953.8286479,620871369042.7179,0.0015130614281010663,1.5731405200362782
2228.75,595861836.1601964,621467230878.878,0.0015097723063830452,1.5746502923426613
2229.0,594568654.0790719,622061799532.9572,0.0015064956902705346,1.576156788032932
2229.25,593280390.6333449,622655079923.5905,0.0015032315368113738,1.5776600195697432
2229.5,591997028.9140013,623247076952.5044,0.001499979803162139,1.5791599993729053
2229.75,590718552.0549163,623837795504.5593,0.0014967404465880767,1.5806567398194933
2230.0,589444943.2328038,624427240447.7921,0.0014935134244629788,1.5821502532439562
2230.25,588176185.6671842,625015416633.4594,0.0014902986942690961,1.5836405519382253
2230.5,586912262.6203429,625602328896.0797,0.0014870962135970377,1.5851276481518224
2230.75,585653157.3972772,626187982053.4769,0.0014839059401456339,1.586611554091968
2231.0,584398853.3456868,626772380906.8226,0.0014807278317219117,1.58809228192369
2231.25,583149333.8558882,627355530240.6785,0.0014775618462408804,1.5895698437699308
2231.5,581904582.3608241,627937434823.0393,0.0014744079417255533,1.5910442517116563
2231.75,580664582.3359795,628518099405.3752,0.001471266076306736,1.592515517787963
2232.0,579429317.2993842,629097528722.6747,0.0014681362082230327,1.593983653996186
2232.25,578198770.8115395,629675727493.4862,0.0014650182958206592,1.5954486722920067
2232.5,576972926.47538,630252700419.9615,0.0014619122975533484,1.5969105845895601
2232.75,575751767.9362714,630828452187.8978,0.0014588181719823433,1.5983694027615425
2233.0,574535278.8819153,631402987466.7798,0.0014557358777761557,1.5998251386393187
2233.25,573323443.0423685,631976310909.8221,0.0014526653737106153,1.6012778040130293
2233.5,572116244.1899608,632548427154.0121,0.001449606618668662,1.602727410631698
2233.75,570913666.1392633,633119340820.1514,0.0014465595716402647,1.6041739702033382
2234.0,569715692.7470727,633689056512.8984,0.0014435241917223824,1.6056174943950605
2234.25,568522307.9123445,634257578820.8108,0.001440500438118794,1.6070579948331793
2234.5,567333495.5761706,634824912316.387,0.0014374882701400425,1.6084954831033194
2234.75,566149239.7217317,635391061556.1086,0.0014344876472033134,1.6099299707505226
2235.0,564969524.3742688,635956031080.4829,0.0014314985288323633,1.611361469279355
2235.25,563794333.6010326,636519825414.084,0.0014285208746573914,1.6127899901540124
2235.5,562623651.511246,637082449065.5952,0.0014255546444149443,1.6142155447984272
2235.75,561457462.2560709,637643906527.8513,0.001422599797947832,1.615638144596375
2236.0,560295750.028576,638204202277.8799,0.0014196562952050473,1.6170578008915801
2236.25,559138499.0636744,638763340776.9436,0.0014167240962416057,1.6184745249878216
2236.5,557985693.6381159,639321326470.5817,0.0014138031612185265,1.6198883281490402
2236.75,556837318.0704134,639878163788.6521,0.0014108934504026486,1.6212992215994428
2237.0,555693356.7208341,640433857145.3729,0.0014079949241666055,1.6227072165236094
2237.25,554553793.9913402,640988410939.3643,0.0014051075429886745,1.624112324066598
2237.5,553418614.3255663,641541829553.6898,0.0014022312674527233,1.6255145553340506
2237.75,552287802.2087622,642094117355.8986,0.0013993660582480609,1.6269139213922987
2238.0,551161342.1677713,642645278698.0663,0.0013965118761693853,1.6283104332684681
2238.25,550039218.7709749,643195317916.8373,0.0013936686821166416,1.6297041019505847
2238.5,548921416.6282623,643744239333.4656,0.0013908364370949459,1.6310949383876796
2238.75,547807920.390998,644292047253.8566,0.0013880151022145032,1.6324829534898941
2239.0,546698714.7519647,644838745968.6085,0.0013852046386904622,1.6338681581285845
2239.25,545593784.4453315,645384339753.0538,0.0013824050078428344,1.6352505631364274
2239.5,544493114.2466258,645928832867.3004,0.0013796161710964243,1.6366301793075237
2239.75,543396688.972674,646472229556.2731,0.0013768380899806774,1.6380070173975043
2240.0,542304493.4815686,647014534049.7546,0.0013740707261295983,1.639381088123634
2240.25,541216512.6726394,647555750562.4272,0.0013713140412816766,1.6407524021649156
2240.5,540132731.486401,648095883293.9137,0.001368567997279755,1.6421209701621953
2240.75,539053134.9045016,648634936428.8182,0.0013658325560708985,1.643486802718266
2241.0,537977707.9497217,649172914136.768,0.001363107679706392,1.6448499103979726
2241.25,536906435.6858901,649709820572.4539,0.0013603933303415262,1.646210303728314
2241.5,535839303.21785885,650245659875.6718,0.0013576894702355357,1.6475679931985496
2241.75,534776295.6914785,650780436171.3633,0.0013549960617515355,1.6489229892603012
2242.0,533717398.2935359,651314153569.6569,0.0013523130673563633,1.6502753023276575
2242.25,532662596.25171024,651846816165.9086,0.0013496404496204685,1.651624942777278
2242.5,531611874.8345616,652378428040.7432,0.0013469781712178823,1.6529719209484959
2242.75,530565219.35146177,652908993260.0946,0.0013443261949260441,1.6543162471434218
2243.0,529522615.1525514,653438515875.2472,0.0013416844836256908,1.6556579316270474
2243.25,528484047.62872034,653966999922.8759,0.001339053000300809,1.6569969846273482
2243.5,527449502.21154577,654494449425.0874,0.0013364317080384774,1.6583334163353867
2243.75,526418964.3732625,655020868389.4607,0.00133382057002879,1.6596672369054155
2244.0,525392419.62670165,655546260809.0874,0.0013312195495647039,1.6609984564549802
2244.25,524369853.52528334,656070630662.6127,0.0013286286100420183,1.6623270850650222
2244.5,523351251.6629302,656593981914.2756,0.0013260477149591562,1.6636531327799815
2244.75,522336599.67406785,657116318513.9497,0.001323476827917166,1.6649766096078986
2245.0,521325883.23353904,657637644397.1832,0.0013209159126195025,1.6662975255205181
2245.25,520319088.0565995,658157963485.2399,0.0013183649328720184,1.6676158904533902
2245.5,519316199.8988544,658677279685.1387,0.0013158238525828017,1.668931714305973
2245.75,518317204.5562065,659195596889.6948,0.0013132926357620456,1.670245006941735
2246.0,517322087.8648332,659712918977.5597,0.0013107712465219887,1.6715557781882568
2246.25,516330835.7011292,660229249813.2609,0.001308259649076771,1.6728640378373336
2246.5,515343433.98167384,660744593247.2426,0.0013057578077423514,1.674169795645076
2246.75,514359868.6631582,661258953115.9058,0.001303265686936322,1.6754730613320123
2247.0,513380125.74238473,661772333241.6482,0.0013007832511779075,1.6767738445831903
2247.25,512404191.25618774,662284737432.9044,0.0012983104650877637,1.678072155048278
2247.5,511432051.28138596,662796169484.1858,0.0012958472933878582,1.679368002341666
2247.75,510463691.9347799,663306633176.1206,0.0012933937009014618,1.6806613960425674
2248.0,509499099.37305164,663816132275.4937,0.0012909496525528965,1.6819523456951202
2248.25,508538259.7927481,664324670535.2864,0.001288515113367492,1.6832408608084877
2248.5,507581159.43024457,664832251694.7167,0.0012860900484714941,1.6845269508569591
2248.75,506627784.56167,665338879479.2783,0.0012836744230918743,1.685810625280051
2249.0,505678121.5028848,665844557600.7812,0.0012812682025562744,1.6870918934826074
2249.25,504732156.609422,666349289757.3906,0.0012788713522928574,1.6883707648349002
2249.5,503789876.2764425,666853079633.6671,0.0012764838378301936,1.6896472486727305
2249.75,502851266.93869495,667355930900.6058,0.0012741056247971595,1.6909213542975277
2250.0,501916315.0704493,667857847215.6763,0.0012717366789227692,1.6921930909764504
2250.25,500985007.18547547,668358832222.8617,0.0012693769660361198,1.6934624679424866
2250.5,500057329.8369791,668858889552.6987,0.0012670264520662302,1.6947294943945528
2250.75,499133269.6175585,669358022822.3163,0.00126468510304193,1.6959941794975948
2251.0,498212813.1591424,669856235635.4755,0.0012623528850917028,1.6972565323826865
2251.25,497295947.13297576,670353531582.6084,0.0012600297644436511,1.69851656214713
2251.5,496382658.24952525,670849914240.8579,0.0012577157074252546,1.6997742778545553
2251.75,495472933.258472,671345387174.1163,0.0012554106804633543,1.7010296885350187
2252.0,494566758.9486373,671839953933.065,0.001253114650083962,1.7022828031851027
2252.25,493664122.14794236,672333618055.2129,0.0012508275829121605,1.703533630768015
2252.5,492765009.72334796,672826383064.9363,0.0012485494456719486,1.7047821802136869
2252.75,491869408.5808258,673318252473.5171,0.0012462802051861704,1.7060284604188731
2253.0,490977305.66529024,673809229779.1824,0.0012440198283763403,1.7072724802472494
2253.25,490088687.9605458,674299318467.143,0.0012417682822625125,1.708514248529512
2253.5,489203542.4892525,674788522009.6322,0.0012395255339631907,1.7097537740634752
2253.75,488321856.3128643,675276843865.9451,0.001237291550695174,1.7109910656141702
2254.0,487443616.5315792,675764287482.4767,0.0012350662997734291,1.7122261319139436
2254.25,486568810.28428906,676250856292.761,0.0012328497486109639,1.7134589816625545
2254.5,485697424.74851626,676736553717.5095,0.0012306418647186669,1.7146896235272733
2254.75,484829447.140385,677221383164.6499,0.0012284426157052348,1.7159180661429785
2255.0,483964864.71455884,677705348029.3645,0.0012262519692770133,1.7171443181122554
2255.25,483103664.7641742,678188451694.1287,0.0012240698932378298,1.7183683880054932
2255.5,482245834.62080246,678670697528.7495,0.0012218963554888958,1.719590284360982
2255.75,481391361.65439814,679152088890.4039,0.0012197313240286775,1.7208100156850108
2256.0,480540233.2732376,679632629123.6771,0.0012175747669527393,1.7220275904519635
2256.25,479692436.9238701,680112321560.601,0.0012154266524536197,1.723243017104417
2256.5,478847960.0910618,680591169520.692,0.00121328694882069,1.7244563040532377
2256.75,478006790.297742,681069176310.9897,0.0012111556244400181,1.7256674596776778
2257.0,477168915.10495806,681546345226.0947,0.0012090326477942536,1.726876492325472
2257.25,476334322.1118017,682022679548.2065,0.0012069179874624413,1.7280834103129346
2257.5,475502998.9553741,682498182547.1619,0.0012048116121199336,1.7292882219250545
2257.75,474674933.31071055,682972857480.4725,0.001202713490538198,1.7304909354155926
2258.0,473850112.8907508,683446707593.3633,0.0012006235915847437,1.7316915590071773
2258.25,473028525.44626075,683919736118.8096,0.0011985418842229223,1.7328901008914002
2258.5,472210158.76578075,684391946277.5753,0.0011964683375117965,1.734086569228912
2258.75,471395000.6755862,684863341278.2509,0.001194402920606041,1.7352809721495182
2259.0,470583039.0396119,685333924317.2905,0.00119234560275575,1.736473317752274
2259.25,469774261.759402,685803698579.0499,0.0011902963533063115,1.7376636141055803
2259.5,468968656.7740582,686272667235.824,0.0011882551416982751,1.7388518692472785
2259.75,468166212.0601743,686740833447.8842,0.001186221937467186,1.7400380911847457
2260.0,467366915.6317856,687208200363.516,0.001184196710243458,1.7412222878949892
2260.25,466570755.54030216,687674771119.0563,0.0011821794297522037,1.7424044673247414
2260.5,465777719.8744725,688140548838.9308,0.0011801700658131413,1.7435846373905546
2260.75,464987796.76029515,688605536635.691,0.0011781685883403734,1.7447628059788949
2261.0,464200974.36098474,689069737610.052,0.001176174967342298,1.7459389809462371
2261.25,463417240.8768989,689533154850.929,0.0011741891729214252,1.7471131701191585
2261.5,462636584.5454933,689995791435.4745,0.0011722111752742628,1.7482853812944328
2261.75,461858993.64124364,690457650429.1157,0.0011702409446911182,1.749455622239124
2262.0,461084456.4756149,690918734885.5913,0.0011682784515560211,1.75062390069068
2262.25,460312961.39695716,691379047846.9883,0.0011663236663464595,1.7517902243570265
2262.5,459544496.7905025,691838592343.7788,0.0011643765596333708,1.7529546009166599
2262.75,458779051.0782581,692297371394.857,0.001162437102080873,1.7541170380187407
2263.0,458016612.71896064,692755388007.576,0.0011605052644461464,1.7552775432831869
2263.25,457257170.2080271,693212645177.784,0.0011585810175793122,1.7564361243007662
2263.5,456500712.0774886,693669145889.8616,0.0011566643324232616,1.7575927886331895
2263.75,455747226.8959156,694124893116.7574,0.0011547551800134687,1.758747543813203
2264.0,454996703.2683795,694579889820.0259,0.0011528535314778918,1.759900397344681
2264.25,454249129.83636534,695034138949.8623,0.0011509593580367532,1.7610513567027177
2264.5,453504495.277732,695487643445.14,0.0011490726310024377,1.7622004293337201
2264.75,452762788.306649,695940406233.4467,0.0011471933217793323,1.7633476226554994
2265.0,452023997.6735142,696392430231.1201,0.0011453214018636183,1.764492944057363
2265.25,451288112.1649129,696843718343.285,0.0011434568428431674,1.7656364009002061
2265.5,450555120.6035512,697294273463.8885,0.0011415996163973731,1.7667780005166036
2265.75,449825011.84817594,697744098475.7367,0.0011397496942969468,1.7679177502109005
2266.0,449097774.793538,698193196250.5303,0.001137907048403826,1.7690556572593044
2266.25,448373398.3703158,698641569648.9006,0.0011360716506709802,1.7701917289099753
2266.5,447651871.54504037,699089221520.4457,0.001134243473142221,1.7713259723831176
2266.75,446933183.3200529,699536154703.7657,0.001132422487952094,1.7724583948710697
2267.0,446217322.73343587,699982372026.4991,0.0011306086673257046,1.7735890035383954
2267.25,445504278.8589355,700427876305.358,0.0011288019835785225,1.774717805521974
2267.5,444794040.8059087,700872670346.164,0.0011270024091162457,1.7758448079310902
2267.75,444086597.71925557,701316756943.8832,0.0011252099164346303,1.776970017847525
2268.0,443381938.77936465,701760138882.6626,0.0011234244781193519,1.7780934423256443
2268.25,442680053.2020212,702202818935.8646,0.0011216460668457729,1.77921508839249
2268.5,441980930.23837644,702644799866.103,0.0011198746553788645,1.7803349630478689
2268.75,441284559.1748537,703086084425.2778,0.001118110216572969,1.7814530732644418
2269.0,440590929.33310133,703526675354.611,0.001116352723371681,1.7825694259878135
2269.25,439900030.0699127,703966575384.6809,0.0011146021488076434,1.783684028136621
2269.5,439211850.7771764,704405787235.4581,0.0011128584660024233,1.7847968866026236
2269.75,438526380.88179284,704844313616.34,0.001111121648166298,1.7859080082507899
2270.0,437843609.845623,705282157226.1855,0.0011093916685981275,1.787017399919388
2270.25,437163527.1654057,705719320753.351,0.0011076685006851438,1.7881250684200731
2270.5,436486122.3727019,706155806875.7236,0.0011059521179028096,1.789231020537976
2270.75,435811385.033837,706591618260.7574,0.001104242493814673,1.7903352630317906
2271.0,435139304.74980843,707026757565.5072,0.0011025396020721322,1.7914378026338627
2271.25,434469871.15623635,707461227436.6635,0.0011008434164143117,1.792538646050277
2271.5,433803073.9232958,707895030510.5868,0.001099153910667889,1.793637799960945
2271.75,433138902.7556363,708328169413.3424,0.001097471058746893,1.7947352710196918
2272.0,432477347.39232963,708760646760.7347,0.0010957948346525697,1.7958310658543444
2272.25,431818397.6067872,709192465158.3416,0.0010941252124731732,1.7969251910668176
2272.5,431162043.20671314,709623627201.5482,0.0010924621663838477,1.7980176532332015
2272.75,430508274.03400946,710054135475.5823,0.0010908056706463868,1.799108458903848
2273.0,429857079.9647103,710483992555.547,0.0010891556996090667,1.800197614603457
2273.25,429208450.9089471,710913201006.4559,0.0010875122277065577,1.8012851268311636
2273.5,428562376.8108344,711341763383.2667,0.0010858752294596356,1.8023710020606232
2273.75,427918847.64843106,711769682230.9152,0.0010842446794750832,1.8034552467400982
2274.0,427277853.4336529,712196960084.3488,0.0010826205524454681,1.8045378672925436
2274.25,426639384.21221864,712623599468.5609,0.001081002823149007,1.8056188701156926
2274.5,426003430.0635632,713049602898.6245,0.0010793914664493456,1.8066982615821419
2274.75,425369981.1007933,713474972879.7253,0.001077786457295445,1.8077760480394374
2275.0,424739027.4705775,713899711907.1959,0.001076187770721305,1.8088522358101586
2275.25,424110559.3531191,714323822466.5491,0.0010745953818458941,1.8099268311920045
2275.5,423484566.96205246,714747307033.5111,0.0010730092658728875,1.8109998404578773
2275.75,422861040.5444051,715170168074.0555,0.0010714293980905697,1.8120712698559678
2276.0,422239970.3804836,715592408044.436,0.0010698557538715474,1.8131411256098393
2276.25,421621346.78383535,716014029391.2198,0.0010682883086726516,1.8142094139185119
2276.5,421005160.1011884,716435034551.321,0.0010667270380347845,1.8152761409565465
2276.75,420391400.7123345,716855425952.0333,0.0010651719175826249,1.8163413128741293
2277.0,419780059.03009653,717275206011.0635,0.0010636229230245435,1.8174049357971538
2277.25,419171125.5002454,717694377136.5637,0.0010620800301523942,1.8184670158273062
2277.5,418564590.6014255,718112941727.1652,0.0010605432148413244,1.8195275590421476
2277.75,417960444.845084,718530902172.0103,0.001059012453049596,1.8205865714951972
2278.0,417358678.77541006,718948260850.7856,0.0010574877208184307,1.8216440592160157
2278.25,416759282.9692396,719365020133.7549,0.0010559689942717704,1.8227000282102874
2278.5,416162248.0360009,719781182381.7909,0.0010544562496161373,1.8237544844599036
2278.75,415567564.61764765,720196749946.4086,0.0010529494631404657,1.824807433923044
2279.0,414975223.38856363,720611725169.7971,0.0010514486112158604,1.8258588825342599
2279.25,414385215.05550635,721026110384.8527,0.0010499536702954528,1.8269088362045554
2279.5,413797530.3575371,721439907915.2102,0.0010484646169142248,1.8279573008214696
2279.75,413212160.0659422,721853120075.2761,0.001046981427688809,1.8290042822491583
2280.0,412629094.9841521,722265749170.2603,0.001045504079317283,1.8300497863284757
2280.25,412048325.9476867,722677797496.2079,0.0010440325485790323,1.8310938188770547
2280.5,411469843.82405865,723089267340.032,0.001042566812334504,1.8321363856893893
2280.75,410893639.5127321,723500160979.5447,0.0010411068475251022,1.8331774925369144
2281.0,410319703.9450124,723910480683.4897,0.00103965263117291,1.8342171451680873
2281.25,409748028.0840069,724320228711.5737,0.0010382041403805887,1.835255349308468
2281.5,409178602.92451894,724729407314.4983,0.0010367613523311094,1.8362921106607992
2281.75,408611419.4929996,725138018733.9913,0.0010353242442876318,1.8373274349050868
2282.0,408046468.8474636,725546065202.8387,0.0010338927935932896,1.83836132769868
2282.25,407483742.0774183,725953548944.9161,0.001032466977671012,1.8393937946763512
2282.5,406923230.3037783,726360472175.22,0.0010310467740233063,1.8404248414503745
2282.75,406364924.6788133,726766837099.8988,0.0010296321602321263,1.8414544736106067
2283.0,405808816.3860544,727172645916.2849,0.0010282231139586348,1.8424826967245653
2283.25,405254896.640221,727577900812.9252,0.0010268196129430182,1.8435095163375084
2283.5,404703156.68716305,727982603969.6123,0.0010254216350043404,1.8445349379725127
2283.75,404153587.8037648,728386757557.416,0.001024029158040299,1.845558967130553
2284.0,403606181.2978926,728790363738.7139,0.0010226421600270925,1.84658160929058
2284.25,403060928.5082979,729193424667.2222,0.0010212606190191753,1.8476028699095992
2284.5,402517820.80454993,729595942488.0267,0.0010198845131490864,1.8486227544227483
2284.75,401976849.586977,729997919337.6138,0.0010185138206273013,1.8496412682433756
2285.0,401438006.2865641,730399357343.9004,0.001017148519741972,1.8506584167631175
2285.25,400901282.36490035,730800258626.2653,0.0010157885888587943,1.8516742053519764
2285.5,400366669.3140876,731200625295.5793,0.0010144340064207758,1.8526886393583972
2285.75,399834158.65669066,731600459454.2361,0.0010130847509481104,1.8537017241093454
2286.0,399303741.94561666,731999763196.1816,0.0010117408010378714,1.8547134649103834
2286.25,398775410.76409125,732398538606.9457,0.0010104021353639528,1.8557238670457472
2286.5,398249156.7255509,732796787763.6713,0.0010090687326767954,1.856732935778424
2286.75,397724971.4735593,733194512735.1448,0.0010077405718031756,1.857740676350227
2287.0,397202846.68177885,733591715581.8265,0.0010064176316461318,1.8587470939818733
2287.25,396682774.0538452,733988398355.8804,0.0010050998911846486,1.859752193873058
2287.5,396164745.3233043,734384563101.2037,0.001003787329473495,1.8607559812025314
2287.75,395648752.25356483,734780211853.4573,0.0010024799256431066,1.8617584611281746
2288.0,395134786.6377826,735175346640.0951,0.0010011776588992895,1.862759638787074
2288.25,394622840.2988063,735569969480.3939,0.000999880508523086,1.8637595192955971
2288.5,394112905.0891026,735964082385.483,0.000998588453870582,1.8647581077494677
2288.75,393604972.8906744,736357687358.3737,0.0009973014743727023,1.8657554092238404
2289.0,393099035.6149783,736750786393.9886,0.0009960195495349997,1.8667514287733755
2289.25,392595085.2028607,737143381479.1915,0.0009947426589374938,1.867746171432313
2289.5,392093113.6244846,737535474592.816,0.000993470782234486,1.8687396422145475
2289.75,391593112.87923086,737927067705.6953,0.0009922038991543084,1.8697318461137018
2290.0,391095074.99564916,738318162780.6909,0.0009909419894991998,1.870722788103201
2290.25,390598992.03136814,738708761772.7223,0.0009896850331450786,1.871712473136346
2290.5,390104856.07300943,739098866628.7953,0.0009884330100413243,1.8727009061463873
2290.75,389612659.23614085,739488479288.0314,0.000987185900210659,1.873688092046598
2291.0,389122393.6651653,739877601681.6965,0.000985943683748867,1.8746740357303469
2291.25,388634051.53325856,740266235733.2297,0.0009847063408246347,1.8756587420711714
2291.5,388147625.0423182,740654383358.2721,0.000983473851679424,1.8766422159228509
2291.75,387663106.42284226,741042046464.695,0.0009822461966271627,1.877624462119478
2292.0,387180487.9338841,741429226952.6288,0.0009810233560541314,1.878605485475532
2292.25,386699761.8629548,741815926714.4917,0.0009798053104187164,1.8795852907859507
2292.5,386220920.525976,742202147635.0177,0.0009785920402512883,1.880563882826202
2292.75,385743956.26717067,742587891591.2849,0.0009773835261539278,1.8815412663523559
2293.0,385268861.45900553,742973160452.7439,0.0009761797488002776,1.8825174461011562
2293.25,384795628.5021139,743357956081.246,0.0009749806889353483,1.8834924267900917
2293.5,384324249.8252117,743742280331.0712,0.0009737863273753053,1.884466213117467
2293.75,383854717.8850258,744126135048.9562,0.0009725966450072867,1.8854388097624744
2294.0,383387025.1662149,744509522074.1224,0.0009714116227892034,1.8864102213852636
2294.25,382921164.1812993,744892443238.3037,0.0009702312417495612,1.8873804526270133
2294.5,382457127.4705664,745274900365.7743,0.0009690554829872208,1.8883495081100006
2294.75,381994907.6020279,745656895273.3763,0.0009678843276712898,1.8893173924376718
2295.0,381534497.1712946,746038429770.5476,0.0009667177570408053,1.8902841101947125
2295.25,381075888.80155784,746419505659.3491,0.000965555752404687,1.8912496659471172
2295.5,380619075.1434609,746800124734.4926,0.0009643982951414116,1.8922140642422587
2295.75,380164048.8750425,747180288783.3676,0.0009632453666988687,1.8931773096089575
2296.0,379710802.7016782,747559999586.0692,0.0009620969485942134,1.8941394065575516
2296.25,379259329.3559721,747939258915.4252,0.0009609530224135913,1.8951003595799651
2296.5,378809621.5977013,748318068537.0228,0.0009598135698119982,1.896060173149777
2296.75,378361672.2137409,748696430209.2366,0.0009586785725130892,1.8970188517222901
2297.0,377915474.0179542,749074345683.2545,0.0009575480123089015,1.897976399734599
2297.25,377471019.85116553,749451816703.1057,0.0009564218710597854,1.898932821605659
2297.5,377028302.5810559,749828845005.6868,0.0009553001306941392,1.899888121736353
2297.75,376587315.10207856,750205432320.7888,0.0009541827732081956,1.9008423045095613
2298.0,376148050.33541197,750581580371.1243,0.0009530697806659031,1.9017953742902272
2298.25,375710501.22884244,750957290872.3531,0.0009519611351986279,1.9027473354254258
2298.5,375274660.75673276,751332565533.1099,0.0009508568190050745,1.903698192244431
2298.75,374840521.91990685,751707406055.0298,0.0009497568143509941,1.904647949058782
2299.0,374408077.74560106,752081814132.7754,0.0009486611035690604,1.9055966101623512
2299.25,373977321.2873737,752455791454.0627,0.0009475696690586407,1.9065441798314098
2299.5,373548245.6250282,752829339699.6877,0.0009464824932856011,1.9074906623246954
2299.75,373120843.86453515,753202460543.5522,0.0009453995587821095,1.9084360618834775
2300.0,372695109.13797766,753575155652.6902,0.0009443208481464963,1.909380382731624
